repo,releases,pulls,open_issues,branches,workflows,has_release_workflow,tests
EvaGupta02/AESEncryption,0,0.0,0,1,0,0,0.0
aleixmorgadas/thin-ports-and-adapters,0,0.0,0,1,1,0,20.0
Tushar-Kapil/DSA-Notes,0,0.0,0,1,0,0,0.0
nilsreichardt/gad24-tests,0,13.0,0,10,0,0,99.0
ItziSpyder/ImproperUI,6,2.0,1,4,0,0,0.0
Gayanukaa/Spring-Boot-Playground,0,4.0,0,2,0,0,0.0
ENATION-UK/page-builder,1,0.0,0,1,0,0,2.0
ThomasVitale/langchain4j-spring-boot,16,5.0,4,1,1,0,57.0
jon-mil-92/DisplayHotKeys,8,0.0,0,1,0,0,0.0
amaseng/myinvois-open-sdk,0,5.0,0,6,0,0,0.0
sqlparser/java_data_lineage,0,0.0,1,1,0,0,0.0
uaoan/DkPlayer,3,0.0,3,1,0,0,2.0
appujet/jiosaavn-plugin,19,3.0,0,2,2,0,0.0
MEEPofFaith/hallucinogen,8,0.0,0,1,1,0,0.0
arconia-io/arconia,5,0.0,9,1,1,0,0.0
dee-coder01/BusBuddy,0,17.0,0,11,1,0,22.0
ax1sX/RouteCheck-Alpha,1,0.0,1,2,0,0,0.0
LadyJessie19/MyFood,0,0.0,0,1,0,0,0.0
thomasdarimont/keycloak-opa-authz-demo,0,1.0,0,1,0,0,0.0
ErayMert/microservice-log-tracing,0,0.0,0,1,0,0,0.0
retoocs007/JavaSysMonitor,7,0.0,1,1,1,1,0.0
lhccong/sql-slow-mirror,0,1.0,1,2,0,0,0.0
5ec1cff/CopySign,0,0.0,0,1,0,0,0.0
digitalfondue/mjml4j,0,0.0,5,2,2,1,3.0
ZahidFKhan/Streams-API-Practices,0,1.0,0,1,1,0,94.0
beyond-aion/aion-server,0,5.0,5,3,2,0,7.0
SearchScale/lucene-cuvs,0,7.0,0,6,0,0,0.0
borjavb/bq-lineage-tool,0,0.0,1,1,0,0,37.0
MetaGLM/zhipuai-sdk-java-v4,0,15.0,7,13,0,0,46.0
chiteroman/FrameworkPatch,1,2.0,0,1,0,0,0.0
xdev-software/testcontainers-junit4-mock,2,77.0,0,3,7,0,2.0
habuma/spring-ai-examples,0,1.0,1,2,0,0,0.0
C0de-cake/airbnb-clone-backend,0,0.0,0,2,0,0,0.0
CRLauncher/CRLauncher,50,11.0,0,1,0,0,0.0
Hunterdii/GeeksforGeeks-POTD,0,13.0,0,1,0,0,0.0
HChenX/HookTool,25,1.0,0,5,0,0,0.0
Lambdua/openai4j,26,28.0,0,1,1,0,119.0
jd-opensource/joylive-agent,11,79.0,18,13,3,0,24.0
CollaBu/pennyway-was,61,188.0,3,6,6,0,366.0
lavalink-devs/youtube-source,29,26.0,4,3,1,1,0.0
sahilshelangia/system-design,0,0.0,0,1,0,0,0.0
garlic-bred/easy-bedrock-breaker,1,3.0,0,1,1,0,0.0
Ahmad45123/workup,0,79.0,0,10,2,0,1.0
SarthakChaudhary46/100-Days-Of-CODE,0,0.0,0,1,0,0,0.0
ahmedaliibrahim01/TourismAgencyManagementSystem,0,0.0,0,1,0,0,0.0
linux-china/sieve-cache,1,0.0,1,1,0,0,3.0
Keremyardan/Tourism_Agency_Java_Swing,0,0.0,0,1,0,0,0.0
Stark-8/text-encryption-AES,0,0.0,0,1,0,0,2.0
5cmc/grim-trident,4,0.0,2,1,0,0,0.0
Kir-Antipov/cubes-without-borders,28,7.0,3,14,2,1,0.0
Hejow/easy-restdocs-generator,4,1.0,0,2,0,0,3.0
Bram1903/AntiHealthIndicator,16,0.0,1,3,2,0,0.0
harryjackson/llm.java,0,0.0,0,3,0,0,5.0
CRANKV2/STRP-Profile-App,0,0.0,0,1,0,0,2.0
ThomasVitale/llm-apps-java-langchain4j,0,0.0,0,1,1,0,0.0
GizaSystems/AutomationExercisePractice,0,67.0,0,1,3,0,0.0
glaforge/gemini-workshop-for-java-developers,0,1.0,5,1,0,0,1.0
xyzbtw/StashMoverPlugin,5,1.0,1,1,0,0,0.0
ErrorxCode/JxInsta,1,3.0,4,1,0,0,0.0
sweelam/api-design-and-management-talk,0,5.0,0,4,0,0,20.0
halilibrahimsaltas/TourismAgency,0,0.0,0,1,0,0,0.0
YunaBraska/streamline,18,0.0,1,1,5,0,1.0
GeyserExtras/GeyserExtras,7,2.0,7,2,0,0,0.0
phyce/rl-natural-speech,1,1.0,6,8,0,0,0.0
eclipse-4diac/4diac-ide,0,816.0,24,4,3,0,48.0
babyfish-ct/jimmer-examples,0,1.0,0,1,0,0,29.0
Vadym79/AWSLambdaJavaWithSpringBoot,0,0.0,0,1,0,0,0.0
GreenJAB/fixed-minecraft,0,15.0,2,3,0,0,0.0
CleanroomMC/Fugue,61,12.0,2,1,2,1,0.0
ThomasVitale/llm-apps-java-spring-ai,0,3.0,1,1,1,0,0.0
jinganix/guess,0,23.0,1,9,2,0,17.0
find-xposed-magisk/LSPatch,1,0.0,1,2,0,0,0.0
walimorris/opensquare,0,0.0,0,1,0,0,225.0
yiyuan9/abitoflink,0,21.0,0,4,0,0,0.0
findhumane/react-native-threaded-downloader,1,0.0,0,1,1,0,0.0
xyzeva/ender-relay,3,0.0,2,1,1,0,0.0
chamaadesilva/BookWorm-Library_Management_System,0,0.0,0,1,0,0,0.0
Gayanukaa/companyA-backend,1,22.0,0,12,1,0,0.0
ljmc2000/NoiseLooper,9,8.0,0,1,0,0,2.0
prakarshs/Jhethia,0,1.0,0,2,0,0,0.0
yangfeng20/ja-netfilter,0,0.0,1,1,0,0,0.0
Alexdoru/ExampleMod1.8.9,0,0.0,0,1,0,0,0.0
duckietm/Arcturus-Morningstar-Extended,0,2.0,0,2,0,0,0.0
mpi-sws-rse/jmc,0,0.0,0,1,1,0,111.0
jetty/jetty-examples,0,3.0,1,23,1,0,58.0
JustAlittleWolf/ModDetectionPreventer,3,1.0,2,2,0,0,0.0
danvega/spring-into-ai,0,1.0,0,1,0,0,0.0
DevBobcorn/AcryliCraft,11,18.0,1,5,0,0,0.0
NguyenDuck/blocktopograph,1,19.0,6,2,1,0,0.0
Cvrws/Haru,5,5.0,1,1,1,0,0.0
HexArchBook/bluezone_pro,0,0.0,0,1,0,0,0.0
burukeYou/fast-retry,0,0.0,2,1,0,0,30.0
LizeRaes/feedback-analyzer,0,9.0,0,3,0,0,0.0
galliumdata/adumbra,0,0.0,0,2,0,0,0.0
EasyG0ing1/Migration,3,0.0,1,1,0,0,0.0
shnok/l2-unity-gameserver,7,26.0,0,3,1,0,0.0
karatelabs/karate-js,0,0.0,2,1,1,0,112.0
sepgh/testudo,0,0.0,0,3,1,0,82.0
thedarkcolour/ForestryCE,0,16.0,27,5,2,0,0.0
pinterest/tiered-storage,0,6.0,0,10,1,0,2.0
Netflix/maestro,0,17.0,22,1,1,1,1281.0
apache/spark-kubernetes-operator,0,148.0,0,1,4,0,72.0
Katana-Official/Meta,12,0.0,15,1,0,0,0.0
Krishna18062005/Problem-Solving-Day-101-250,0,2.0,0,1,0,0,0.0
stephanj/rag-genie,0,7.0,1,3,0,0,90.0
dnwwdwd/homieMatching,0,2.0,2,2,0,0,9.0
PamodRathnayake/Social-media-platform-with-API-Master-of-Spring-Boot,0,0.0,0,1,0,0,0.0
gz10177lg/Light-Benchmark,0,0.0,0,3,0,0,0.0
Anjaligaddamidi/javalab,0,2.0,0,1,0,0,0.0
MirnaGama/hospital-management-api,0,11.0,0,12,1,0,93.0
xflow3r/EP2-solutions,0,0.0,1,1,0,0,0.0
administrateclouds/animations,0,2.0,0,2,0,0,0.0
jonas-grgt/bob,6,17.0,5,1,2,0,6.0
StyraInc/opa-java,20,69.0,1,51,5,0,27.0
serifpersia/esp32partitiontool,6,8.0,0,1,1,1,0.0
stuetzlec/merrimack_cs_examples,0,0.0,0,1,0,0,0.0
koppor/github-contributors-list,4,28.0,5,1,1,0,0.0
MiranCZ/altoclef,15,2.0,8,3,2,0,0.0
javpower/easy-flv,0,1.0,4,1,0,0,0.0
ZJU-ACES-ISE/ChatTester,0,0.0,0,1,0,0,0.0
vesavvo/design_patterns,0,0.0,0,1,0,0,0.0
gayanukabulegoda/Hibernate-ORM-Lesson,0,5.0,0,6,0,0,0.0
KarinJS/QwQ,0,2.0,0,1,1,0,0.0
DJ-Raven/java-messenger,0,3.0,0,1,0,0,0.0
Finally-A-Decent/Fadah,22,16.0,1,3,0,0,1.0
OGminso/ChatHeadFont,3,2.0,4,1,0,0,0.0
Yanyutin753/refresh-gpt-chat,10,0.0,1,1,1,0,0.0
MehVahdJukaar/polytone,0,7.0,25,9,0,0,0.0
firstfault/Trinity,2,7.0,0,1,0,0,0.0
lgdd/liferay-client-extensions-samples,0,1.0,0,1,1,0,0.0
DHD2280/BCR-Manager,9,2.0,5,1,1,0,0.0
xdev-software/spring-data-eclipse-store,19,165.0,2,5,8,0,283.0
EmbarkXOfficial/Spring-Security-Course,0,1.0,0,1,0,0,0.0
VanceVagell/kv4p-ht,10,23.0,59,2,3,0,40.0
catchpoint/Tracing.examples-kubernetes-java,0,2.0,0,2,0,0,23.0
SUDHARSUN2003/Accident-Detection-And-Notification,0,0.0,0,1,0,0,2.0
vdaburon/har-convertor-jmeter-plugin,9,0.0,1,1,0,0,0.0
oldmanpushcart/qianfan4j,1,0.0,0,1,0,0,10.0
yint-tech/ProxyCompose,0,0.0,0,1,0,0,0.0
undermad/diet-generator-api,0,17.0,0,4,3,0,47.0
970263611/redisx,3,12.0,1,8,0,0,24.0
KhushPatibandha/RiceDB,0,0.0,0,2,0,0,0.0
ismael221/OpenStreamify,0,9.0,0,2,1,0,0.0
1brc/nodejs,0,3.0,0,1,1,0,0.0
StarRocks/SQLTransformer,0,1.0,1,1,0,0,5.0
MaysHroub/data-structures,0,0.0,0,1,0,0,0.0
VictorModi/Lyrics-Getter-Ext,1,10.0,6,1,1,0,0.0
valkey-io/valkey-java,2,2.0,0,5,2,0,4013.0
MoeStick/Polar-client,1,0.0,0,1,0,0,0.0
igor-pcholkin/DataAnonymization,1,0.0,0,1,0,0,48.0
Araykal/Open-Karhu,2,1.0,0,1,0,0,0.0
SleepyFish-YT/Nemui,2,0.0,8,1,0,0,0.0
HeliosMinecraft/HeliosClient,1,0.0,0,1,1,0,0.0
apache/doris-kafka-connector,2,46.0,2,2,4,0,13.0
EasyDarwin/EasyGBD,0,0.0,0,1,0,0,3.0
mc-wiki/minecraft-mod-heywiki,45,36.0,3,7,2,1,0.0
danvega/fcc-spring-boot-3,0,0.0,1,1,0,0,25.0
vishalmysore/sam,0,0.0,1,1,1,0,0.0
jwplayer/jwplayer-react-native,4,49.0,22,6,0,0,0.0
palantir/javapoet,6,122.0,5,7,0,0,371.0
koupleless/runtime,21,222.0,3,4,10,0,187.0
gtrxAC/discord-j2me,12,55.0,2,5,0,0,0.0
openfga/spring-boot-starter,1,33.0,4,9,3,0,4.0
SemyonSinchenko/spark-connect-example,0,0.0,1,1,0,0,1.0
Aishwaryavenkat10/TestNG-Project,0,3.0,0,1,0,0,2.0
sameh-tarek/Fawry-Internship,0,4.0,0,2,0,0,16.0
marcos-dev79/AlgorithmsStudies,0,0.0,0,1,0,0,0.0
MYethishwar/JavaLabCraft,0,2.0,0,1,0,0,0.0
guybedo/sugar,0,1.0,0,2,0,0,1.0
MobinaMhr/Compiler-Course-Projects-S2024,0,0.0,0,1,0,0,0.0
Apress/ChatGPT-for-Java,1,0.0,0,1,0,0,0.0
houbb/minicat,0,0.0,0,8,0,0,0.0
hssy252/sky,0,0.0,0,1,0,0,0.0
anuragts/tangerine,0,6.0,1,1,0,0,0.0
CASELOAD7000/knockback-sync,3,19.0,3,9,0,0,0.0
xielong/ai-hub,0,0.0,1,1,0,0,0.0
oldmanpushcart/dashscope4j,7,8.0,3,3,0,0,45.0
NovaEngineering-Source/StellarCore,13,2.0,7,1,1,0,0.0
LxxxSec/CTF-Java-Gadget,1,0.0,0,1,0,0,0.0
EmbarkXOfficial/spring-boot-course,0,0.0,0,2,0,0,0.0
Tvenus/blockchain,0,0.0,0,1,0,0,0.0
jdubois/jdubois-langchain4j-demo,0,3.0,0,4,0,0,0.0
offici5l/MiBypassTool,3,0.0,3,1,2,0,0.0
ThomasOM/Dusk,0,2.0,0,3,0,0,12.0
HaHaWTH/HAProxy-Detector,1,0.0,0,1,1,0,0.0
ryuu9505/spring-pokemon-center,0,0.0,0,1,0,0,13.0
Gary-yang1/JYso,0,0.0,0,1,0,0,0.0
theodo-fintech/spring-data-event,0,4.0,1,3,1,0,15.0
AkashKobal/java-full-stack-developement,1,23.0,0,23,2,0,0.0
advent-of-craft/2024-summer-craft-book,0,0.0,0,1,0,0,22.0
dzaima/grr,0,0.0,0,1,0,0,0.0
Nova-Committee/CheatDetector,41,9.0,9,2,1,0,0.0
chengenzhao/java-vulkan-mac,0,0.0,0,1,0,0,0.0
Poempoat/LimboEmulatorPlus,5,1.0,6,1,0,0,0.0
wch2019/xiaohai-blog,0,0.0,0,2,0,0,0.0
gyuwon/ArchitecturalRunwayGuidelines,0,1.0,0,2,0,0,0.0
AkshathSai/streamspace,10,33.0,0,6,1,0,0.0
BeiShanair/tutorialmod-1.20,0,0.0,0,36,1,0,0.0
sviperll/result4j,2,10.0,1,2,1,0,14.0
jakzo/Il2CppDecompiler,0,0.0,1,1,0,0,0.0
MoeStick/Skyblock-Extras,1,0.0,0,1,0,0,0.0
Keksuccino/Linguji,6,0.0,5,1,0,0,0.0
gama-platform/gama,2,71.0,95,17,16,0,0.0
ollama4j/ollama4j-web-ui,4,4.0,1,1,1,1,0.0
KasugaLibGroup/KasugaLib,27,16.0,2,16,2,0,0.0
dRAGon-Okinawa/dRAGon,6,187.0,19,14,2,0,89.0
asdflj/AE2Things,25,27.0,0,2,2,1,0.0
alegian/thaumcraft7,0,1.0,0,2,1,0,0.0
koupleless/koupleless,19,90.0,82,16,1,0,0.0
waboke/calculator_app_java,0,54.0,43,2,0,0,0.0
jagodevreede/sdkman-ui,9,7.0,6,3,3,0,17.0
ourfor/iPlay,14,304.0,16,2,1,0,0.0
Swapnikavinukonda/java_files,0,9.0,0,4,0,0,0.0
blumek/aura-tower,0,0.0,0,1,0,0,0.0
renmeijian/HealthChecker,0,1.0,0,1,0,0,0.0
easystartup-io/k3s-simplified,16,1.0,0,1,3,0,0.0
armankhondker/leetcode-solutions,0,0.0,0,1,0,0,0.0
mmd-nemati/Compiler-Course-Projects-F2023,0,0.0,0,1,0,0,0.0
antlr/antlr5,0,33.0,12,5,1,0,4.0
EladLeev/KeyToField-smt,2,3.0,1,8,2,1,7.0
Kamesuta/BungeePteroPower,9,8.0,2,3,0,0,0.0
MrCrayfish/MrCrayfishFurnitureMod-Refurbished,0,16.0,23,10,4,0,0.0
aliyun/dataworks-spec,0,14.0,2,25,1,0,149.0
danvega/rest-client-examples,0,0.0,1,1,0,0,2.0
AvarionMC/graves,6,32.0,6,3,2,0,0.0
danvega/spring-common-mistakes,0,0.0,1,11,0,0,0.0
ndancing/bitcask,0,0.0,0,1,0,0,15.0
z64a/star-rod,3,3.0,7,1,2,1,0.0
reivaxy/kinetix,11,0.0,16,1,0,0,2.0
TharunPerera/Fish-Aquarium-Management-System,0,0.0,0,1,0,0,0.0
karthikreddy-7/TCS-NQT-CODING-SHEET,0,11.0,0,3,0,0,0.0
brian7704/OpenTAK_ICU,11,1.0,6,3,0,0,2.0
d1tto/Rengar,0,0.0,1,1,0,0,0.0
Direwolf20-MC/JustDireThings,0,66.0,29,2,1,0,0.0
alina-yur/native-spring-ai,0,0.0,0,1,0,0,0.0
thesurlydev/spring-ai-collab,0,1.0,3,1,0,0,7.0
Lord-of-Algorithms/DSA-in-Java,0,0.0,0,1,0,0,0.0
cubk1/vapev3-opensource,0,0.0,1,1,0,0,0.0
TFyre/bambu-farm,14,13.0,35,3,1,0,0.0
headlesshq/mc-runtime-test,10,23.0,12,5,5,0,0.0
chensheng/ddd-boot,0,0.0,0,1,0,0,5.0
oguzkaran/JavaApp2-Jan-2024,0,0.0,0,1,0,0,85.0
Jumman04/DataManager,9,0.0,0,1,0,0,0.0
tarihub/hack-flank-cicd,1,7.0,1,2,1,0,0.0
H3Art-q/JNU-IS-CST-Courses,0,0.0,0,1,0,0,0.0
WMS-DEV/usos4j,7,16.0,0,2,8,0,138.0
user93390/seasnail1,10,4.0,0,1,0,0,0.0
maveniverse/toolbox,50,79.0,3,5,1,0,40.0
Rozmir-Rohi/mo-creatures-legacy,1,24.0,2,1,1,0,0.0
bsorrentino/langgraph4j,14,3.0,9,2,3,0,59.0
coralblocks/CoralProto,0,0.0,0,1,0,0,23.0
sidduganeshsid/Core-Java,0,1.0,0,2,0,0,0.0
cezarysanecki/parking-domain,0,169.0,1,3,1,0,15.0
JaneMandy/CVE-2023-51467-Exploit,1,0.0,0,1,0,0,0.0
Fernanda-Kipper/ai-assistant-java,0,0.0,0,1,0,0,0.0
zhushimmer/enhance-rpc-zt,0,0.0,0,1,0,0,0.0
SandhyaMadhunagula/Javalab,0,1.0,0,2,0,0,0.0
naveenanimation20/SeleniumKeywordDrivenFramework,1,0.0,0,1,1,0,3.0
Trendyol/kafkathena-jakarta,1,0.0,0,1,2,0,13.0
google-checks/checks-jenkins-plugin,0,0.0,0,6,1,0,7.0
evpl/jkscope,5,0.0,0,1,1,0,247.0
Badbird5907/GHShareXUploader,0,0.0,0,1,0,0,0.0
FinalForEach/Cosmic-Reach-Save-Library,0,1.0,0,1,0,0,0.0
semih-turan/The-Full-Stack-Web-Development-Bootcamp,0,0.0,0,1,0,0,0.0
OWASP/www-project-netryx,0,1.0,0,1,0,0,61.0
weilueluo/tsm4j,0,14.0,0,1,0,0,18.0
frc-862/rhapsody,5,247.0,16,13,2,0,0.0
kp7742/RootOverlay,0,0.0,2,1,0,0,0.0
vsouzx/Events-Driven-Ecommerce,0,0.0,1,1,0,0,0.0
JeevananthamPrabhu/to-do-list-full-stack-java,0,0.0,0,1,0,0,0.0
mytang0/brook,1,9.0,0,7,2,0,15.0
Rapter1990/parkinglot,0,20.0,0,1,1,0,106.0
stephanj/BM25,0,2.0,0,3,0,0,11.0
johnnyb/ntag424-java,0,1.0,7,3,0,0,18.0
sisby-folk/surveyor,102,3.0,22,3,1,0,0.0
mabartos/keycloak-adaptive-authn,0,1.0,13,7,0,0,0.0
erupts/Linq.J,5,7.0,0,2,0,0,30.0
CleanroomMC/Scalar,2,1.0,0,2,1,0,0.0
jhspetersson/packrat,0,0.0,0,1,0,0,51.0
ImKennyYip/flappy-bird-java,0,0.0,0,1,0,0,0.0
nonamecrackers2/simple-clouds,0,7.0,72,2,1,0,0.0
thebuildcraft/RemotePlayerWaypointsForXaero,15,4.0,9,4,0,0,0.0
caolib/book_management_system,1,0.0,0,2,1,0,2.0
boozallen/aissemble,9,279.0,29,18,4,0,22.0
devoxx/DevoxxGenieIDEAPlugin,64,197.0,24,53,1,0,31.0
AndroidIDE-CN/AIDE-Plus,10,1.0,0,7,0,0,0.0
Pulikovskyy/fixitnow,0,0.0,0,1,0,0,0.0
liubingmx/fast-spring-test,6,0.0,0,1,0,0,7.0
jimmyjames/fga-spring-examples,0,11.0,5,2,1,0,14.0
GaoSSR/OnePRO,0,0.0,0,1,0,0,0.0
Randgalt/java-composer,1,15.0,5,1,1,0,377.0
Xyness/SimpleClaimSystem,24,1.0,16,1,1,0,0.0
bitstorm/modern-webdev-wicket,0,0.0,0,1,0,0,0.0
yaaliuzhipeng/fast-mlkit-translate-text,0,0.0,1,1,1,0,0.0
xdsswar/nfx-lib,0,0.0,1,1,0,0,0.0
elmfrain/cnmcu,7,23.0,2,1,1,0,0.0
anonymous123-code/quilt-bisect,5,6.0,2,4,2,0,0.0
drcircuit/wchhack,0,1.0,1,1,0,0,0.0
1321928757/chatgpt-sdk-java,1,0.0,0,1,0,0,16.0
bredlix/wf_companion_app,0,1.0,0,1,0,0,2.0
MagicHarp/confluence,0,4.0,3,4,0,0,0.0
IlyaKukharchuk/InfopostAccountService,0,0.0,0,1,0,0,14.0
dumbo-the-developer/Duels,11,11.0,17,1,1,0,0.0
Incendo/cloud-minecraft,10,33.0,7,8,1,1,29.0
burukeYou/spring-smart-di,0,0.0,1,1,0,0,0.0
tomalbrc/blockbench-import-library,5,0.0,1,8,1,0,0.0
mitang0320/leetcodeHot100,0,0.0,0,1,0,0,0.0
segment-anything-models-java/SAMJ-IJ,0,10.0,11,2,1,1,0.0
quic/ai-hub-apps,7,2.0,19,1,0,0,0.0
bizhangjie/CatVodSpider,0,0.0,3,1,0,0,0.0
st0x0ef/stellaris,0,15.0,5,21,0,0,0.0
polymorphicshade/Tubular,7,12.0,81,3,2,0,63.0
sentrysoftware/metricshub,8,264.0,23,23,3,0,1114.0
mariofusco/quarkus-drools-llm,0,3.0,0,5,0,0,0.0
Divested-Mobile/Carrion,0,5.0,2,1,0,0,0.0
Kehrlann/spring-boot-testing,0,0.0,0,4,0,0,14.0
afsalashyana/Spring-Boot-Tutorials,0,1.0,0,1,0,0,16.0
sivaprasadreddy/spring-boot-microservices-course,0,11.0,1,2,5,0,6.0
StandardSolvers/ps-code-snippets,1,25.0,0,7,0,0,7.0
longerye/im-chat,0,1.0,0,4,0,0,0.0
deerborg/Tourism-Agency-Management,0,0.0,0,1,0,0,0.0
GeyserMC/ThirdPartyCosmetics,0,3.0,5,1,1,0,0.0
CSEdgeOfficial/Java-Programming-Internship,0,50.0,0,1,0,0,0.0
GreenScripter/minecraft-bot,0,0.0,0,2,0,0,0.0
sayxiaoyan/XiaoRanLiu3119-TVBoxMobile,0,0.0,0,2,1,0,0.0
spring-tips/spring-authorization-server,0,0.0,1,1,0,0,0.0
TayebsouiniYcode/CoffeeWithDeveloper,0,5.0,0,5,0,0,0.0
aws/amazon-gamelift-agent,3,10.0,4,4,1,0,335.0
ComPDFKit/compdfkit-api-samples,0,0.0,0,1,0,0,0.0
Kooperlol/Blockify,17,12.0,0,5,0,0,0.0
DragunWF/Student-Admissions,0,0.0,0,1,0,0,0.0
forestwanglin/okx-v5-java,0,0.0,0,1,0,0,6.0
PaperMC/SectorTool,4,0.0,1,1,0,0,0.0
phegondev/users-management-system,0,0.0,0,3,0,0,0.0
CompassSecurity/jwt-scanner,5,3.0,2,4,0,0,0.0
eclipse-tracecompass/org.eclipse.tracecompass,0,169.0,11,46,4,0,3054.0
soundvibe/ha-danfoss,2,11.0,4,3,1,0,4.0
B-Rajagopalan/CodingAtti-YouTube,0,9.0,0,1,0,0,0.0
shmuelzon/home-assistant-floor-plan,17,56.0,7,1,1,0,0.0
MincraftEinstein/SubtleEffects,0,4.0,10,2,0,0,0.0
nkuhn-vmw/GenAI-for-TPCF-Samples,0,7.0,0,1,0,0,0.0
Rearth/Oritech,27,87.0,8,5,1,0,0.0
ColdeZhang/Dominion,59,11.0,5,5,3,1,0.0
DIVISIO-AI/whisper-java,0,0.0,0,1,0,0,0.0
quarkiverse/quarkus-fx,4,65.0,4,3,5,1,8.0
codeIntrovert/90daysOfDSA,0,0.0,1,1,0,0,0.0
0Akshay/passcrypt,0,0.0,0,1,0,0,0.0
hardingadonis/saledock,10,113.0,0,2,3,0,0.0
aditya-dua/JBDL-65,0,0.0,0,1,0,0,4.0
yubb-ai/unofficial-gpt4,10,0.0,0,1,3,0,0.0
codeaashu/JAVA-Programming-Challenge,0,0.0,0,1,0,0,0.0
TiagoFar78/PrisonEscape,2,143.0,13,1,1,0,0.0
xyzbtw/rusherGUI,2,1.0,0,1,0,0,0.0
RogoShum/BruteForceRenderingCulling,0,1.0,9,6,0,0,0.0
parttimenerd/meta-agent,1,1.0,3,1,0,0,1.0
caoccao/swc4j,15,0.0,0,1,1,0,0.0
begcode/begcode-admin,0,0.0,1,1,0,0,2044.0
AllayMC/EncryptMyPack,1,1.0,1,1,1,0,0.0
qos-ch/logback-access,0,7.0,6,1,0,0,58.0
Devlrxxh/Neptune,14,9.0,0,1,0,0,0.0
anaconda875/reactive-hibernate-spring-boot-starter,0,12.0,0,13,0,0,0.0
biagioT/jpa-search-helper,31,2.0,2,2,2,0,70.0
std-microblock/TGStickerProvider,0,3.0,14,1,1,0,0.0
BREAD5940/2024-Onseason,0,9.0,0,9,0,0,0.0
ViaVersionMCP/ViaForgePlus,7,3.0,6,1,0,0,0.0
GeyserExtensionists/GeyserModelEngine,2,14.0,3,3,1,0,0.0
bowbahdoe/jdbc,14,2.0,0,1,2,1,26.0
RobertElderSoftware/robert-elder-software-java-modules,6,0.0,0,1,0,0,0.0
charmy/react-native-stroke-text,11,3.0,3,1,1,0,0.0
alxkm/articles,0,68.0,0,1,0,0,0.0
6tail/tyme4j,17,3.0,4,1,0,0,334.0
mukel/llama3.java,0,12.0,7,1,0,0,0.0
lokerxx/JavaVul,0,0.0,0,1,0,0,0.0
ChloePrime/AAAParticles,18,8.0,12,5,0,0,0.0
grishka/poke.dex,1,1.0,0,1,0,0,0.0
krkarma777/moonbam,0,210.0,0,18,0,0,12.0
anitalakhadze/multiple-auth-api,0,8.0,0,7,0,0,0.0
corentingosselin/ProdigyCape,6,10.0,8,6,0,0,0.0
sattinos/xrest,0,3.0,0,4,0,0,40.0
darksolopic/PasswordManagerGUI,0,0.0,0,1,0,0,0.0
LekKit/ScalarEvolution,0,0.0,3,1,2,1,0.0
crystoll/musashi,0,0.0,0,1,0,0,0.0
ShafiqSadat/IPTVTelegramBot,1,0.0,0,1,0,0,0.0
sasmithx/Chat_Application_Socket_Progrmming,0,0.0,0,1,0,0,0.0
miliariadnane/spring-boot-doc-rag-bot,0,0.0,0,1,0,0,0.0
shinee0401/AdminPanel_Vue,0,0.0,0,1,0,0,0.0
msbaek/vsa-tdd,0,0.0,0,2,0,0,4.0
xu-shawn/Serendipity,6,141.0,0,373,0,0,3.0
mishmash-io/opentelemetry-server-embedded,4,31.0,0,6,1,0,0.0
Javabykiran-Angular/161_AdvancedJava,0,0.0,0,1,0,0,0.0
bennamrouche/irc-tester,0,2.0,0,2,0,0,0.0
15911075183ma/java-onnx-yolo,0,0.0,0,1,0,0,0.0
Rapter1990/springbootsecurity,0,0.0,0,1,0,0,54.0
gradlex-org/java-module-packaging,1,0.0,0,2,2,1,0.0
SnowCutieOwO/Continue,0,2.0,0,1,0,0,0.0
wohaopa/GTNHModify,17,5.0,3,3,2,1,0.0
abhishekabhi789/LyricsForPowerAmp,11,2.0,2,1,0,0,0.0
AHUCodingBeast/Waiting-Batch-Bus,0,0.0,1,1,0,0,0.0
starlake-ai/jsqltranspiler,0,18.0,9,7,2,0,70.0
swan-io/react-native-browser,9,7.0,1,1,1,0,0.0
cbrewitt/flipping-copilot,0,12.0,3,8,0,0,21.0
sjrsjz/vulkanite-modified,1,0.0,2,1,1,0,0.0
patternhelloworld/spring-security-oauth2-password-jpa-implementation,16,0.0,0,3,0,0,11.0
artlibs/autotrace4j,4,17.0,0,1,3,1,19.0
failutee/Mineject,4,10.0,1,12,1,0,0.0
w1th4d/JarPlant,0,12.0,0,1,0,0,0.0
Interlink-Media/Sierra,64,1.0,0,3,0,0,0.0
HaHaWTH/AdvancedSensitiveWords,4,3.0,0,3,1,0,0.0
GOLDILOCKS-DBMS/IITP_TASK,0,0.0,0,1,0,0,1.0
3kh0/eaglercraft-1.8,0,1.0,0,1,1,0,0.0
JAgentSphere/bytebuddy-agent-demo,4,0.0,2,3,0,0,0.0
awslabs/analytics-accelerator-s3,2,156.0,15,16,4,0,435.0
Consensys/linea-sequencer,38,115.0,4,80,3,1,92.0
OpenCubicChunks/CubicChunks3,0,32.0,8,1,2,0,5.0
tzolov/playground-flight-booking,0,3.0,2,8,0,0,0.0
DHD2280/Oxygen-Customizer,7,55.0,15,3,5,0,0.0
BramStoutProductions/MiEx,12,14.0,16,1,0,0,0.0
wisemapping/wisemapping-open-source,0,1.0,7,2,1,0,42.0
CodingGay/BlackShadow,0,0.0,1,1,0,0,4.0
Shawnarun/DevelopersStack-OpenSourceNexus,0,94.0,0,2,0,0,2.0
zied-snoussi/git-test,1,15.0,0,9,0,0,0.0
Gameye98/xtrspc,1,0.0,0,1,0,0,0.0
Anirudh1103/Complete-Java-and-DSA,0,0.0,0,1,0,0,0.0
MemoryZy/ZhiYouToolkit,4,0.0,1,4,2,0,0.0
wxy0715/java_bucket,0,0.0,0,1,0,0,22.0
Runadee/TourismAgency,0,0.0,1,1,0,0,0.0
Vavaste/openai-java,0,0.0,0,1,3,1,74.0
itsJohnCnstn/service-template,0,0.0,0,28,0,0,8.0
uladzimirFilipchanka/noredraw,2,7.0,0,8,0,0,0.0
annuk123/Java-Questions,0,7.0,0,1,0,0,0.0
Rixafy/LatteSupport,11,1.0,2,1,1,0,88.0
eaglerforge/EaglerForge-old,0,16.0,6,4,0,0,0.0
tony-xlh/vision-camera-cropper,6,1.0,4,2,0,0,0.0
habuma/spring-ai-rag-example,0,0.0,0,1,0,0,0.0
SatvikNema/satchat,0,3.0,0,3,1,0,0.0
mssanamateen/OOP-using-Java,0,27.0,0,3,0,0,0.0
1321928757/chatglm-sdk-java,0,0.0,0,1,0,0,3.0
flutter-youni/flutter_youni_gromore,0,0.0,1,1,0,0,0.0
SpringBootCourses/cqrs-banking-app,0,33.0,5,7,1,0,0.0
artsiomkorzun/1brc-walkthrough,0,0.0,0,1,0,0,2.0
gabrielgua/realworld-springboot,0,0.0,0,1,0,0,30.0
oracle-devrel/springai-rag-db23ai,0,4.0,0,3,6,1,0.0
SightStudio/jOOQ-inflearn,0,0.0,0,1,0,0,332.0
seifrajhi/Kubernetes-practical-exercises-Hands-on,0,41.0,0,76,19,0,1.0
aizuda/doc-apis,1,8.0,4,1,0,0,0.0
Xposed-Modules-Repo/io.github.tehcneko.clipboardwhitelist,1,0.0,0,1,0,0,0.0
lifting-bits/patchestry,1,27.0,16,6,3,1,0.0
Kehrlann/spring-security-the-good-parts,0,1.0,0,3,0,0,0.0
linkedin/openhouse,0,255.0,10,22,3,0,798.0
flynndi/quarkus-jimmer-extension,43,453.0,0,20,5,0,127.0
aws-samples/sigv4-signing-examples,0,5.0,0,1,0,0,0.0
BreweryTeam/BreweryX,37,33.0,12,5,2,0,0.0
kafbat/kafka-ui,1,204.0,145,53,30,1,314.0
mt1006/mc-ar-mod,1,0.0,5,3,0,0,0.0
Fatimakhan0/javalab,0,21.0,0,7,0,0,0.0
DGuhr/spring-otel-extended,0,1.0,1,1,0,0,0.0
daylanbueno/auth-api,0,0.0,0,2,0,0,0.0
filelize/filelize-java,6,2.0,2,1,2,0,20.0
khiner/CrosswordFiller,0,2.0,0,1,0,0,0.0
jzelAdmin2006/m306-TouGH-Vault-github-backupper,0,0.0,0,1,0,0,0.0
ArtformGames/BungeeAuthProxy,5,0.0,0,1,2,1,0.0
Intelligent-CAT-Lab/CodeMind,0,2.0,0,3,0,0,0.0
brenoepics/at4j,4,48.0,2,8,5,1,136.0
daisukiKaffuChino/MomoQR,6,0.0,0,1,0,0,2.0
SSANJAY225/offline_device_finder,0,0.0,0,1,0,0,2.0
codebaorg/redis-keeper,4,1.0,0,4,0,0,10.0
Missuo0o/FoodDeliveryBackend,0,0.0,0,1,0,0,0.0
Seyma000/TourismAgency-main,0,0.0,0,1,0,0,0.0
yohanes/zygisk-reflutter,1,0.0,1,1,0,0,2.0
vivekanand-vr/javaFullStack-codebase,0,0.0,0,1,0,0,21.0
MoeStick/Taunahi-V3,1,1.0,0,1,0,0,0.0
simasch/cqrs-meets-modern-java,0,0.0,0,2,0,0,5.0
jianyuan1991/ragdemo,0,0.0,1,1,0,0,9.0
gayanukabulegoda/Live-Chat-Room,0,0.0,0,1,0,0,0.0
SMGCommunity/Whitehole-Neo,8,2.0,22,1,0,0,0.0
iNuman/PdfHighlighter,0,0.0,0,1,0,0,2.0
Fernanda-Kipper/desafio-anotaai-backend,0,5.0,0,2,0,0,6.0
gmitch215/SocketMC,10,12.0,1,11,2,1,0.0
vaginessa/NPatch,0,0.0,0,1,2,0,0.0
Naton1/osrs-pvp-reinforcement-learning,0,0.0,0,1,1,0,0.0
wisp-forest/accessories,14,15.0,24,5,0,0,0.0
Katana-Official/XYNXposed,0,0.0,1,1,1,0,0.0
Dashstrom/tp-antlr,0,1.0,2,1,0,0,0.0
jithrew/PantryMate,0,0.0,0,1,0,0,0.0
mitre-public/open-aria,1,36.0,11,2,1,0,466.0
N1nn1/dye_depot,0,10.0,37,2,1,0,0.0
Anof-cyber/AlphaScan,0,0.0,0,1,2,0,0.0
rahulkrishy/CPT_Java,0,0.0,0,1,0,0,0.0
FoundryMC/veil-example-mod,0,0.0,3,6,1,0,0.0
manusa/helm-java,14,70.0,10,6,3,1,126.0
chenjinhu/XpAuto,0,0.0,0,1,0,0,2.0
microcks/microcks-testcontainers-java-spring-demo,0,12.0,0,6,2,0,0.0
ikaraozdemir/tourizmAgency,0,0.0,0,1,0,0,0.0
nipafx/modern-java-demo,0,0.0,0,1,0,0,0.0
maciej-MKan/chess,0,95.0,2,3,2,0,16.0
spring-tips/java22,0,0.0,0,1,1,0,0.0
Yldrmceyy/TourismManagmentSystem,0,0.0,0,1,0,0,0.0
wudgaby/wudgaby-platform,0,0.0,0,1,0,0,18.0
jadonharsh109/IaC-Master-Actions,0,71.0,0,1,3,0,10.0
VovaStelmashchuk/nest2D,2,3.0,1,2,2,1,0.0
W01fh4cker/MemshellKit,0,0.0,0,1,0,0,0.0
kousen/springaiexamples,0,0.0,1,1,0,0,25.0
AntiP2WDevelopment/AntiP2W-Addon,2,1.0,3,2,1,0,0.0
cap-js/cds-intellij,5,60.0,3,8,5,0,0.0
HypixelDev/ModAPI,10,23.0,0,3,0,0,0.0
Pedro-Pathing/Pedro-Pathing-Quickstart,1,20.0,0,1,1,0,0.0
xixogo5105/uiptv,6,0.0,0,1,0,0,0.0
seregamorph/spring-test-smart-context,6,9.0,0,3,0,0,47.0
oviva-ag/ehealthid-relying-party,24,72.0,3,48,5,1,215.0
WilloIzCitron/ArchiveDustry-Java,9,5.0,2,1,1,0,0.0
vishalmysore/Tools4AI,0,20.0,0,11,3,0,99.0
NodeMedia/react-native-nodemediaclient,0,1.0,16,1,0,0,0.0
cedricp/ecutweaker,5,6.0,0,1,1,0,7.0
