repo,releases,pulls,open_issues,branches,workflows,has_release_workflow
polespinasa/bitcoin-grouphug,2,3.0,0,3,1,False
RReverser/wasmbin,0,0.0,1,5,1,False
d0nutptr/talaria,0,2.0,0,5,0,False
friendlymatthew/leptos-theme,0,3.0,1,3,0,False
ThomasVitale/langchain4j-spring-boot,16,5.0,4,1,1,False
utilForever/2024-SNU-Rust-Application,0,0.0,0,1,0,False
guissalustiano/jewel,0,2.0,0,2,0,False
awwsmm/hello-rust-sdl2-wasm,0,1.0,0,1,0,False
Leafwing-Studios/leafwing_manifest,0,18.0,14,2,1,False
kpcyrd/archlinux-userland-fs-cmp,1,2.0,0,1,1,False
ri-char/pwatch,2,1.0,2,1,2,False
arconia-io/arconia,5,0.0,9,1,1,False
domwoe/inscription_canister,0,2.0,0,3,0,False
Rolv-Apneseth/rofi-nerdy,0,6.0,0,1,1,False
LadyJessie19/MyFood,0,0.0,0,1,0,False
borjavb/bq-lineage-tool,0,0.0,1,1,0,False
loco-rs/chat-rooms,0,6.0,0,2,1,False
maxcountryman/tower-sessions-stores,0,23.0,6,6,1,False
vidhanio/hypertext,0,5.0,3,7,2,False
habuma/spring-ai-examples,0,1.0,1,2,0,False
Abraxas-365/langchain-rust,33,133.0,37,5,1,True
regolith-labs/ore-app,12,19.0,3,11,1,False
MetaGLM/zhipuai-sdk-java-v4,0,15.0,5,13,0,False
SarthakChaudhary46/100-Days-Of-CODE,0,0.0,0,1,0,False
TennyZhuang/ref-stable-lru,0,2.0,0,3,1,False
linux-china/sieve-cache,1,0.0,1,1,0,False
worldcoin/orb-core,0,2.0,0,2,3,True
Bram1903/AntiHealthIndicator,16,0.0,1,3,2,False
tracyspacy/yacht,0,3.0,2,2,0,False
schell/crabslab,0,3.0,0,1,1,False
crrow/kisekifs,0,37.0,1,14,2,False
jedisct1/rust-sieve-cache,0,3.0,0,1,2,False
effector/swc-plugin,7,22.0,1,2,0,False
ThomasVitale/llm-apps-java-langchain4j,0,0.0,0,1,1,False
GizaSystems/AutomationExercisePractice,0,67.0,0,1,3,False
xyzbtw/StashMoverPlugin,5,1.0,1,1,0,False
redixhumayun/raft,0,0.0,0,1,0,False
ztroop/dead-ringer,5,1.0,0,1,2,True
AnimatedSwine37/UnrealEssentials,15,9.0,2,1,1,True
rust-lang/calendar,0,66.0,2,17,3,False
basro/stylance-rs,13,3.0,1,2,1,False
orhun/rust-stdout-vs-stderr,0,0.0,0,4,1,False
HerodotusDev/hdp,14,106.0,18,6,4,True
maxdeviant/auk,5,0.0,0,1,0,False
rohaquinlop/complexipy,9,29.0,3,2,1,True
kittynode/kittynode,8,248.0,16,3,8,True
ThomasVitale/llm-apps-java-spring-ai,0,3.0,1,1,1,False
skyzh/mini-lsm-solution-checkpoint,0,22.0,0,1,0,False
babyfish-ct/jimmer-examples,0,1.0,0,1,0,False
ginger51011/pandoras_pot,0,32.0,0,3,2,True
sweelam/api-design-and-management-talk,0,5.0,0,4,0,False
lukewilliamboswell/roc-ray,7,67.0,15,11,2,True
ckaznable/tenki,14,17.0,3,5,0,False
CleanroomMC/Fugue,58,7.0,1,1,2,True
jinganix/guess,0,23.0,1,7,2,False
gauge-sh/tach,89,205.0,2,4,2,True
find-xposed-magisk/LSPatch,1,0.0,1,2,0,False
elkasztano/juliafatou,0,0.0,0,1,0,False
Rigidity/offline-signer,0,1.0,0,1,0,False
DedicatedSoftwareDev/OAK-blockchain,0,0.0,0,1,0,False
VeteranSoftDev/Polkadot-origintrail-parachain,0,0.0,0,1,0,False
spotlightishere/spotdj,0,0.0,0,1,0,False
bnkc/unpack,1,6.0,0,2,1,False
xyzeva/ender-relay,3,0.0,2,1,1,False
malik672/open-stylus,0,3.0,0,3,1,False
dnwwdwd/homieMatching,0,2.0,2,2,0,False
m0veax/tplink_m7350,0,8.0,1,5,0,False
LaurentMazare/mamba.rs,0,0.0,0,1,1,False
stackabletech/trino-lb,8,39.0,6,15,3,True
VanOvermeire/rust-macros-book,0,0.0,0,1,0,False
wen-community/wen-program-library,0,87.0,13,41,0,False
MythicalCow/vayu,5,0.0,0,2,0,False
mumbleskates/bilrost,15,0.0,0,6,1,False
BreakingLead/blockworld,0,1.0,1,3,1,False
tinted-theming/tinty,23,31.0,7,2,8,False
jetty/jetty-examples,0,3.0,1,19,1,False
txtx/txtx,16,160.0,32,7,2,False
UkoeHB/bevy_cobweb,0,1.0,2,3,0,False
MercuryWorkshop/epoxy-tls,0,3.0,0,5,0,False
JustAlittleWolf/ModDetectionPreventer,3,1.0,2,2,0,False
SuperioOne/nut_webgui,7,0.0,2,1,0,False
Lommix/bevy_aseprite_ultra,1,7.0,2,4,0,False
Katana-Official/Meta,12,0.0,15,1,0,False
shenjinti/browserlify,0,0.0,0,1,0,False
0glabs/0g-storage-node,14,249.0,26,18,4,False
Sirneij/cryptoflow,0,0.0,0,1,0,False
theelderbeever/kubectl-guardrails,2,1.0,2,1,1,True
vigimite/serverless-pipelines-in-rust,0,0.0,0,1,0,False
richardanaya/gbnf,0,0.0,1,1,0,False
MirnaGama/hospital-management-api,0,11.0,0,12,1,False
DJ-Raven/java-messenger,0,3.0,0,1,0,False
linkdd/shipp,1,0.0,0,1,0,False
swlkr/hyped,1,2.0,0,2,0,False
stuetzlec/merrimack_cs_examples,0,0.0,0,1,0,False
sphaerophoria/todo-fs,0,0.0,0,2,0,False
KDABLabs/cxx-qt-servo-webview,0,21.0,11,23,0,False
fitzgen/safe-gc,0,1.0,0,1,1,False
DHD2280/BCR-Manager,9,2.0,6,1,0,False
lgdd/liferay-client-extensions-samples,0,1.0,0,1,1,False
olekspickle/serde_default_utils,4,0.0,0,1,1,False
Yanyutin753/refresh-gpt-chat,10,0.0,1,1,1,False
javpower/easy-flv,0,1.0,4,1,0,False
AndrejOrsula/pyo3_bindgen,7,10.0,1,1,3,True
jkallio/pomodoro-cli,7,4.0,0,2,0,False
Privoce/GenUI,0,0.0,1,4,0,False
vexide/vex-v5-qemu,0,34.0,0,16,0,False
QuState/PhastFT,2,23.0,4,10,1,False
adamperkowski/highlightos,6,29.0,3,3,4,True
gyroflow/gyroflow-plugins,3,1.0,6,1,1,False
ethersync/ethersync,2,96.0,67,11,5,True
KarinJS/QwQ,0,2.0,0,1,1,False
eric9n/Kun-peng,39,22.0,1,3,1,True
xdev-software/spring-data-eclipse-store,18,151.0,2,6,8,False
huggingface/ratchet,0,167.0,28,137,2,False
MehVahdJukaar/polytone,0,5.0,21,8,0,False
zkVerify/zkVerify,0,186.0,0,23,11,True
vesavvo/design_patterns,0,0.0,0,1,0,False
OJarrisonn/vaca,4,4.0,0,14,0,False
lmorais-dev/qmachina,11,3.0,1,2,3,False
SUDHARSUN2003/Accident-Detection-And-Notification,0,0.0,0,1,0,False
craigmayhew/pipe-gpt,6,4.0,0,1,1,False
oldmanpushcart/qianfan4j,1,0.0,0,1,0,False
Cryolitia/GPD-LinuxControls,0,0.0,0,2,0,False
axelerator/ruelm,0,7.0,0,1,0,False
BLaZeKiLL/webray,0,9.0,0,1,2,False
microsoft/rust-symcrypt,3,26.0,17,18,0,False
hgaiser/moonshine,6,7.0,2,1,2,True
Onizuka893/prayerbar,0,5.0,0,6,0,False
LyonSyonII/run,2,11.0,2,8,1,True
yoshuawuyts/wasm-http-tools,0,6.0,0,4,2,False
algorealmInc/SwarmNL,0,17.0,4,3,2,False
igor-pcholkin/DataAnonymization,1,0.0,0,1,0,False
ismael221/OpenStreamify,0,8.0,0,3,1,False
yuja/hhkb-studio-tools,0,0.0,0,1,0,False
1brc/nodejs,0,3.0,0,1,1,False
madesroches/micromegas,0,245.0,7,1,1,False
geofmureithi/edita,3,2.0,3,1,1,False
guofei9987/hidden_watermark,0,0.0,1,1,1,False
viridia/bevy_reactor,0,5.0,8,1,0,False
ryo33/egui_hooks,0,1.0,7,1,0,False
BigBoot/AutoKuma,8,5.0,18,1,3,True
crust-gather/crust-gather,13,45.0,2,15,3,True
timrogers/litra-rs,16,40.0,0,33,2,False
solidquant/sandooo,0,0.0,5,7,0,False
uutils/procps,0,125.0,21,2,2,False
fasterthanlime/oval,3,4.0,4,3,2,False
VeteranSoftDev/OAK-blockchain,0,0.0,0,1,0,False
0xlarry/byo_mint,0,5.0,0,7,0,False
sameh-tarek/Fawry-Internship,0,4.0,0,2,0,False
ark-network/clArk,0,4.0,2,4,0,False
mlund/ultimate64,6,4.0,1,1,3,False
ZK-Hack/puzzle-gamma-ray,0,0.0,0,1,0,False
cavemanloverboy/sol,0,5.0,4,1,0,False
distributed-lab/taprootized-atomic-swaps,2,3.0,0,1,3,False
bones-ai/rust-ecosystem-simulation,0,1.0,0,1,0,False
devyn/nu_plugin_dbus,8,3.0,0,2,1,False
bluenote-1577/fairy,6,0.0,2,1,1,True
helius-labs/atlas-txn-sender,0,13.0,5,8,0,False
xielong/ai-hub,0,0.0,1,1,0,False
bltavares/axum-content-negotiation,0,1.0,0,2,2,False
integritychain/fips203,2,19.0,0,1,2,True
B-urb/doclytics,121,23.0,9,10,3,True
syurazo/cardputer,0,1.0,0,2,0,False
worldcoin/mpc-uniqueness-check,0,123.0,0,27,3,False
Apress/ChatGPT-for-Java,1,0.0,0,1,0,False
calebfletcher/foc,2,1.0,1,2,0,False
CASELOAD7000/knockback-sync,3,19.0,3,9,0,False
dev-backpack/cllm,3,26.0,7,3,3,False
ch32-rs/ch32-data,0,15.0,0,2,2,False
robertknight/ocrs,0,58.0,13,8,1,False
Proxtx/crontab_status,0,0.0,0,1,0,False
nabbisen/mdka-rs,32,31.0,4,29,1,False
jnhyatt/bevy_mod_async,0,2.0,1,5,0,False
0xPolygonZero/eth-tx-proof,0,20.0,2,17,1,False
orca-so/whirlpool-cpi,0,2.0,0,8,0,False
0xBoji/180DaysOfRust,0,0.0,0,1,1,False
maxprogrammer007/CSES.fi-problems,0,0.0,0,1,0,False
AdinAck/cargo-embassy,4,12.0,6,1,1,False
freethinkel/tauri-nspopover-plugin,0,0.0,1,2,5,False
PacktPublishing/Rust-Web-Programming-3E,0,7.0,0,3,0,False
LelsersLasers/UnderwaterWorld,0,7.0,0,2,0,False
yashwanthsinghm/shakti_riscv_hal,0,5.0,0,1,1,False
0xsouravm/csvr,2,0.0,0,1,1,False
phy1um/rust-simple-vm,0,5.0,0,12,0,False
sviperll/result4j,0,8.0,1,2,1,False
hadasz/plonkish_basefold,0,4.0,1,3,0,False
gaucho-labs/leptos-hotkeys,3,84.0,15,26,1,True
YuhanLiin/micropb,0,1.0,1,1,1,False
IamTheCarl/CommandCAD,0,3.0,3,5,1,False
jakzo/Il2CppDecompiler,0,0.0,1,1,0,False
DeadlockCode/n-body,0,0.0,0,1,0,False
software-mansion/cairo-profiler,9,74.0,25,5,3,False
Poempoat/LimboEmulatorPlus,5,1.0,6,1,0,False
AkshathSai/streamspace,10,33.0,0,6,1,False
alegian/thaumcraft7,0,1.0,0,2,1,False
bedrock-crustaceans/violinrs,0,0.0,0,1,0,False
cloudflare/foundations,1,75.0,15,10,2,False
bobobo1618/ninesleep,0,3.0,5,2,1,False
wez/govee2mqtt,0,18.0,139,2,3,True
apache/datafusion-comet,4,659.0,142,9,9,True
koupleless/koupleless,18,90.0,79,16,1,False
axodotdev/axoupdater,29,112.0,6,13,3,True
wch2019/xiaohai-blog,0,0.0,0,2,0,False
project-gauntlet/gauntlet,11,0.0,17,3,5,False
js2xxx/ferroc,1,0.0,0,1,2,False
waboke/calculator_app_java,0,22.0,42,2,0,False
d1tto/Rengar,0,0.0,1,1,0,False
virtee/tdx,0,9.0,0,1,1,False
easystartup-io/k3s-simplified,16,1.0,0,1,3,False
conradludgate/measured,0,3.0,3,6,0,False
palerdot/wordl-rs,9,1.0,0,2,2,False
mtb0x1/1brc,0,0.0,0,1,0,False
cubk1/vapev3-opensource,0,0.0,1,1,0,False
Kapsyloffer/RUSTBU,2,21.0,7,11,1,False
antlr/antlr5,0,33.0,12,5,1,False
danvega/rest-client-examples,0,0.0,1,1,0,False
chirpstack/chirpstack-gateway-mesh,1,0.0,3,7,1,True
MortalreminderPT/edit-xlsx,0,4.0,6,4,1,False
xfactor-toml/rust-coding-challenges,0,35.0,0,7,0,False
ethereumdegen/bevy_mesh_terrain_editor,0,0.0,0,6,0,False
SpeckyYT/gd_sfx,1,26.0,0,4,2,False
SpriteOvO/closely,19,0.0,0,3,1,False
luisbedoia/sx3d,0,1.0,0,1,0,False
tingerrr/typst-test,0,17.0,16,1,2,False
Kamesuta/BungeePteroPower,9,8.0,2,3,0,False
Rozmir-Rohi/mo-creatures-legacy,0,24.0,2,1,1,False
aliyun/dataworks-spec,0,13.0,2,23,1,False
taproot-wizards/purrfect_vault,0,7.0,4,1,1,False
maxcountryman/axum-messages,10,6.0,0,1,1,False
imatefx/typesense-prometheus-exporter,5,1.0,6,1,2,True
aws-samples/s3-fast-list,0,0.0,0,1,0,False
0xDerked/solana-anchor-examples,0,0.0,0,1,0,False
Qiskit/openqasm3_parser,11,130.0,44,21,2,True
brickadia/p4-fast-reconcile,2,4.0,0,1,0,False
LemmyNet/lemmy-client-rs,9,8.0,1,2,0,False
Lord-of-Algorithms/DSA-in-Java,0,0.0,0,1,0,False
chensheng/ddd-boot,0,0.0,0,1,0,False
karthikreddy-7/TCS-NQT-CODING-SHEET,0,10.0,0,3,0,False
renpenguin/display3d,0,0.0,0,1,0,False
oguzkaran/JavaApp2-Jan-2024,0,0.0,0,1,0,False
0xpapercut/solana-substreams,3,4.0,0,2,0,False
H3Art-q/JNU-IS-CST-Courses,0,0.0,0,1,0,False
shuttle-hq/shuttlings,0,2.0,0,1,0,False
TFyre/bambu-farm,14,12.0,29,4,1,False
sidduganeshsid/Core-Java,0,1.0,0,2,0,False
JaneMandy/CVE-2023-51467-Exploit,1,0.0,0,1,0,False
trailofbits/decree,0,0.0,2,1,0,False
thebracket/one_billion_rows,0,0.0,0,1,0,False
Trendyol/kafkathena-jakarta,1,0.0,0,1,2,False
0xGlitchbyte/OCrab,0,9.0,0,1,1,False
cppcoffee/netguard,0,17.0,0,2,1,False
thmshmm/taskui,9,8.0,1,1,2,True
Ragnt/AngryTrainer,0,0.0,0,1,0,False
WilfredAlmeida/LightDAS,1,4.0,4,4,1,True
frc-862/rhapsody,5,247.0,16,13,2,False
jeremychone-channel/rust-xp-ollama,0,0.0,2,1,0,False
mcmah309/surrealdb_migration_engine,5,0.0,0,1,0,False
Yongxin-Hu/TabbyKV,0,0.0,0,2,1,False
VulnPlanet/l3x,3,7.0,0,6,0,False
ihciah/aria2-rs,0,0.0,0,1,0,False
oxalica/orb,0,0.0,0,3,2,False
oxidecomputer/newtype-uuid,8,47.0,3,18,4,True
jimexist/surya-rs,1,31.0,0,5,1,False
chenhunghan/mlx-training-rs,5,0.0,0,2,1,True
ImKennyYip/flappy-bird-java,0,0.0,0,1,0,False
flyaruu/rc-car,0,1.0,0,2,0,False
zpp0196/localsend-rs,0,4.0,2,3,0,False
caolib/book_management_system,1,0.0,0,2,1,False
ellenhp/airmail,0,9.0,11,2,1,False
Rapter1990/parkinglot,0,20.0,0,1,1,False
cmars/distrans,50,89.0,4,97,3,True
versotile-org/verso,0,166.0,26,6,3,False
Pulikovskyy/fixitnow,0,0.0,0,1,0,False
liubingmx/fast-spring-test,6,0.0,0,1,0,False
randiekas/rust-web-framework-benchmark,0,0.0,0,1,0,False
SarthakMakhija/clearcheck,0,0.0,1,1,1,False
GaoSSR/OnePRO,0,0.0,0,1,0,False
nwtgck/stacklover-rust,0,3.0,0,5,1,False
dounine/wechat-pay-rust-sdk,0,3.0,1,1,0,False
eycorsican/leafvpn-desktop,3,1.0,2,1,2,True
hexaredecimal/ML,3,9.0,8,4,3,False
G2-Games/cross-usb,9,0.0,2,1,1,False
holonym-foundation/vole-zk-prover,0,0.0,0,2,0,False
dnanhkhoa/acm,6,2.0,0,1,1,True
ekzhang/jute,0,2.0,0,1,1,False
anonymous123-code/quilt-bisect,5,6.0,2,4,2,False
ChurchTao/clipboard-rs,13,26.0,5,2,1,False
aljazerzen/connector_arrow,0,0.0,9,1,2,True
drcircuit/wchhack,0,1.0,1,1,0,False
dumbo-the-developer/Duels,9,11.0,16,1,1,False
josephg/egwalker-paper,0,2.0,0,1,0,False
ivabus/lonelyradio,3,0.0,2,4,1,True
vvvar/checkmark,0,10.0,2,3,1,False
ejb004/egui-wgpu-demo,0,1.0,1,1,0,False
Incendo/cloud-minecraft,10,33.0,7,7,1,True
Divested-Mobile/Carrion,0,4.0,2,1,0,False
regolith-labs/ore-cli,10,105.0,50,22,1,False
kingwingfly/fav,50,7.0,3,1,3,True
JeroenGar/jagua-rs,2,3.0,0,5,2,False
andogq/qubit,58,73.0,1,1,3,False
0xExp-po/scrypto-examples,0,0.0,0,1,1,False
blue-build/cli,31,142.0,19,5,6,True
nickolaj-jepsen/fnug,9,2.0,0,5,2,False
Rupas1k/source2-demo,0,2.0,2,2,0,False
fjall-rs/lsm-tree,33,20.0,20,4,2,False
Blockstream/lwk,1,42.0,3,293,4,True
polymorphicshade/Tubular,7,12.0,79,3,2,False
sentrysoftware/metricshub,7,256.0,27,17,3,False
rustls/rustls-openssl-compat,3,32.0,4,4,1,False
fineshopdesign/cf-wasm,93,32.0,2,2,5,False
StandardSolvers/ps-code-snippets,1,25.0,0,7,0,False
carldea/windowblur,0,0.0,1,1,0,False
nkuhn-vmw/GenAI-for-TPCF-Samples,0,7.0,0,1,0,False
javierEd/leptos-bulma,8,0.0,2,1,0,False
clockworklabs/spacetimedb-minecraft,0,1.0,0,7,0,False
aerius-labs/indexed-merkle-tree-halo2,0,1.0,0,2,0,False
PaperMC/SectorTool,4,0.0,1,1,0,False
Vixenka/bevy_dev,5,1.0,2,1,0,False
defi-wonderland/aztec-patterns,0,13.0,0,3,0,False
gmelodie/nesquic,0,0.0,0,1,0,False
rdbo/dynja,6,1.0,2,1,0,False
soundvibe/ha-danfoss,2,11.0,3,3,1,False
DragunWF/Student-Admissions,0,0.0,0,1,0,False
ycysdf/rxy_ui,0,6.0,0,5,0,False
codyd51/uefirc,2,1.0,6,1,0,False
tmknight/docker-autoheal,32,100.0,0,34,5,False
0xricksanchez/AFL_Runner,12,40.0,12,2,1,False
junelva/wl-gammarelay-applet,1,0.0,0,1,0,False
jasonjmcghee/plock,4,8.0,8,5,1,True
face-hh/subterfuge,0,5.0,7,1,0,False
SilinMeng0510/imgcatr,3,1.0,1,1,2,True
ImpossibleReality/Siffra,5,2.0,6,2,1,False
B-Rajagopalan/CodingAtti-YouTube,0,9.0,0,1,0,False
iMilchshake/gores-mapgen,3,15.0,0,12,2,True
reticivis-net/uwd2,1,0.0,3,1,0,False
Schr3da/gdext-rust-tutorials,0,0.0,0,1,0,False
mxpv/openusd,3,0.0,1,2,2,False
MincraftEinstein/SubtleEffects,0,4.0,7,2,0,False
TylerBloom/webatui,0,2.0,2,2,3,False
Rearth/Oritech,25,79.0,4,5,1,False
containers/crun-vm,6,42.0,19,7,2,False
IrreducibleOSS/binius,0,0.0,0,1,0,False
quarkiverse/quarkus-fx,4,65.0,4,3,5,True
codeIntrovert/90daysOfDSA,0,0.0,1,1,0,False
hirako2000/rustween,0,0.0,0,1,0,False
hardingadonis/saledock,10,113.0,0,2,3,False
cmu-db/15721-s24-cache1,0,47.0,17,10,1,False
DocAssert/doc-assert,0,40.0,3,4,1,False
aditya-dua/JBDL-65,0,0.0,0,1,0,False
frozolotl/typst-ansi-hl,2,4.0,0,1,1,False
rust-windowing/winit-next,0,3.0,1,2,0,False
flashbots/suave-andromeda-revm,0,18.0,2,4,0,False
funbiscuit/embedded-cli-rs,5,9.0,4,3,1,False
dfinity/canbench,5,66.0,4,8,3,False
charmy/react-native-stroke-text,11,3.0,3,1,1,False
4imothy/treegrep,5,4.0,1,1,2,True
RobertElderSoftware/robert-elder-software-java-modules,6,0.0,0,1,0,False
glehmann/yage,5,0.0,1,9,3,True
edgenai/edgen,5,83.0,23,8,3,False
qos-ch/logback-access,0,7.0,6,1,0,False
lokerxx/JavaVul,0,0.0,0,1,0,False
floris-xlx/supabase_rs,2,17.0,4,2,2,False
marsupialtail/rottnest,0,34.0,0,1,1,False
KidneyOS/KidneyOS,0,104.0,18,65,1,False
std-microblock/TGStickerProvider,0,3.0,13,1,1,False
jerryshell/ac-esp,3,0.0,0,1,0,False
SUPERCILEX/clipboard-history,21,2.0,12,1,1,False
BREAD5940/2024-Onseason,0,9.0,0,9,0,False
begcode/begcode-admin,0,0.0,1,1,0,False
bombsimon/awesome-garmin,0,26.0,0,1,2,False
biagioT/jpa-search-helper,31,2.0,2,1,2,False
dicej/isyswasfa,0,0.0,2,3,0,False
6tail/tyme4j,16,3.0,2,1,0,False
metaplex-foundation/mpl-core,10,179.0,9,35,10,False
uutils/util-linux,0,34.0,14,2,1,False
delcin-raj/rust_realm,0,6.0,1,1,0,False
kaychaks/autopack,1,0.0,6,1,2,True
cc-api/container-integrity-measurement-agent,2,86.0,2,5,10,False
thunderbird/xml-struct-rs,0,6.0,3,1,1,False
g33kex/ServerWitch,1,0.0,0,2,0,False
VaheDanielyan/diffdir,4,1.0,0,2,1,False
matklad/window,0,0.0,1,1,0,False
sasmithx/Chat_Application_Socket_Progrmming,0,0.0,0,1,0,False
miliariadnane/spring-boot-doc-rag-bot,0,0.0,0,1,0,False
OpenCubicChunks/CubicChunks3,0,32.0,8,1,2,False
w1th4d/JarPlant,0,12.0,0,1,0,False
MR-Addict/mdbook-embedify,13,0.0,0,2,2,True
gdanezis/sui-by-example,0,0.0,0,1,0,False
HaHaWTH/AdvancedSensitiveWords,4,3.0,0,6,1,False
sjrsjz/vulkanite-modified,1,0.0,1,1,1,False
PianoPrinter/gpui_win,0,0.0,0,1,0,False
ShafiqSadat/IPTVTelegramBot,1,0.0,0,1,0,False
gradlex-org/java-module-packaging,1,0.0,0,2,2,True
yobibyte/rtd,0,0.0,0,1,0,False
cameron-martin/bazel-lsp,11,46.0,8,5,1,False
ratatui/ratatui-macros,18,42.0,4,3,2,False
pkulak/filtile,4,1.0,1,1,1,True
Ralith/sieve-tree,0,7.0,4,2,0,False
traxys/pantheon,0,0.0,0,1,0,False
abhishekabhi789/LyricsForPowerAmp,11,2.0,2,1,0,False
ulagbulag/kiss-icp-rs,0,0.0,0,1,0,False
Jij-Inc/pyo3-stub-gen,11,57.0,17,4,4,True
fluxxcode/egui-file-dialog,9,184.0,5,2,1,False
PlasmaFAIR/fortitude,6,89.0,48,3,4,True
xu-shawn/Serendipity,6,141.0,0,372,0,False
Opa-/x1-mk1-usb2midi,2,0.0,3,2,1,False
pop-os/cosmic-files,0,257.0,207,1,0,False
JAgentSphere/bytebuddy-agent-demo,4,0.0,2,3,0,False
jasonjmcghee/xrem,0,3.0,8,4,0,False
swan-io/react-native-browser,9,7.0,1,1,1,False
Javabykiran-Angular/161_AdvancedJava,0,0.0,0,1,0,False
itome/flx,15,5.0,0,2,2,True
AbdelStark/majin-blob,0,8.0,0,2,2,False
twitchax/lucidity,1,0.0,0,1,1,False
supersurviveur/typst-math,8,1.0,2,1,2,False
wadackel/promptuity,5,15.0,1,7,2,False
Philogy/balls,0,4.0,6,1,1,False
Azkellas/mesh_to_sdf,5,12.0,0,9,3,False
geode-sdk/server,73,21.0,4,8,3,True
SaberVM/SaberVM,0,0.0,1,2,1,False
jvdwrf/axum-typed-routing,0,0.0,0,1,0,False
vbi-academy/rust-bootcamp-2024,0,0.0,11,1,0,False
habuma/spring-ai-rag-example,0,0.0,0,1,0,False
david-d-h/pipeop,0,1.0,0,2,0,False
joshka/ratatui-widgets,12,19.0,0,17,3,False
seifrajhi/Kubernetes-practical-exercises-Hands-on,0,41.0,0,76,19,False
0vercl0k/rp-bf.rs,3,2.0,0,1,1,False
Ekleog/indexed-db,0,3.0,0,2,1,False
ricott1/rebels-in-the-sky,26,6.0,3,2,1,True
cia-labs/Storage-service,1,34.0,16,2,2,False
kafbat/kafka-ui,1,190.0,145,51,30,True
BreweryTeam/BreweryX,35,31.0,14,6,2,False
gnosis/solvers,45,90.0,0,42,4,True
mt1006/mc-ar-mod,1,0.0,5,3,0,False
richardanaya/epistemology,6,0.0,0,1,1,False
daylanbueno/auth-api,0,0.0,0,2,0,False
nvim-neorg/norg-fmt,0,0.0,0,1,0,False
PoOnesNerfect/bevy_bsml,0,3.0,0,14,0,False
Fernanda-Kipper/desafio-anotaai-backend,0,5.0,0,2,0,False
sniper00/moon_rs,0,0.0,0,1,1,False
wisp-forest/accessories,6,14.0,21,4,0,False
Naton1/osrs-pvp-reinforcement-learning,0,0.0,0,1,1,False
simasch/cqrs-meets-modern-java,0,0.0,0,2,0,False
next-rs/next-rs,0,14.0,1,4,1,False
sphaerophoria/termie,0,0.0,0,2,0,False
charlotte-os/charlotte-core,0,112.0,6,21,3,False
ArtformGames/BungeeAuthProxy,5,0.0,0,1,2,True
zolutal/kheap_sift,0,0.0,3,1,0,False
tun2proxy/socks-hub,11,0.0,0,1,2,True
yuoo655/ext4_rs,0,1.0,0,5,0,False
bkettle/message-book,0,1.0,2,1,0,False
privacy-scaling-explorations/greco,0,10.0,7,3,1,False
SMGCommunity/Whitehole-Neo,8,2.0,21,1,0,False
brenoepics/at4j,4,48.0,2,8,5,True
regolith-labs/ore,0,69.0,31,6,0,False
isala404/scale-to-zero-ebpf,0,0.0,0,1,0,False
dexie-space/splash,11,18.0,1,2,1,False
vaginessa/NPatch,0,0.0,0,1,2,False
Missuo0o/FoodDeliveryBackend,0,0.0,0,1,0,False
psqlpy-python/psqlpy,50,72.0,10,11,3,True
vnghia/nghe,24,193.0,2,7,3,True
SevenTV/SevenTV,0,100.0,17,6,1,False
bevyengine/bevy_editor_prototypes,0,110.0,27,9,4,True
igneous-labs/sanctum-lst-list,0,109.0,1,49,1,False
pop-os/cosmic-player,0,11.0,8,2,0,False
every-day-things/citadel,4,31.0,13,6,2,False
Fuzzyzilla/octotablet,1,4.0,6,2,0,False
nvim-neorocks/rocks,0,152.0,34,8,4,False
hashlookup/poppy,0,7.0,1,2,2,True
mitre-public/open-aria,1,36.0,11,2,1,False
N1nn1/dye_depot,0,9.0,37,2,1,False
CCBlueX/liquidbounce_lite,0,1.0,0,2,0,False
joshka/tui-scrollview,15,21.0,0,5,3,False
wudgaby/wudgaby-platform,0,0.0,0,1,0,False
olivierlemasle/tauri-plugin-python,0,9.0,3,1,5,False
microcks/microcks-testcontainers-java-spring-demo,0,12.0,0,6,2,False
silence-laboratories/silent-shard-dkls23-ll,2,21.0,1,19,3,True
jadonharsh109/IaC-Master-Actions,0,71.0,0,1,3,False
WindySha/tetris,8,0.0,0,2,1,True
VovaStelmashchuk/nest2D,2,3.0,1,2,2,True
nipafx/modern-java-demo,0,0.0,0,1,0,False
deltadevsde/indexed-merkle-tree,1,10.0,6,10,1,False
boxbeam/untwine,0,0.0,0,2,0,False
shuo-young/lydia,1,0.0,0,1,2,True
hyperledger/indy-besu,0,36.0,2,18,1,False
Anof-cyber/AlphaScan,0,0.0,0,1,2,False
jwdeveloper/TikTokLiveRust,0,15.0,0,1,1,False
SimonCW/ollama-rag-rs,0,2.0,0,3,0,False
aurora-is-near/aurora-forwarder-contracts,0,24.0,0,22,1,False
HrikB/createXcrunch,0,5.0,2,1,1,False
LaurentMazare/tboard-rs,0,0.0,0,1,1,False
pubky/pkdns,13,19.0,5,4,0,False
AdrenaFoundation/sablier,6,66.0,8,8,2,False
turbofuro/turbofuro,22,32.0,18,1,3,True
PawelBis/bevy_wry,0,0.0,0,2,1,False
tfachmann/typst-as-library,0,2.0,3,1,0,False
seregamorph/spring-test-smart-context,4,8.0,0,4,0,False
cedricp/ecutweaker,3,2.0,1,1,1,False
kousen/springaiexamples,0,0.0,0,1,0,False
edera-dev/krata,19,153.0,6,6,2,False
mrsobakin/dpimyass,1,3.0,2,2,1,True
dexterlaboss/archival-rpc,18,0.0,2,1,1,True
oviva-ag/ehealthid-relying-party,23,71.0,3,47,5,True
worldcoin/orb-software,49,299.0,1,35,8,True
ymgyt/syndicationd,34,16.0,5,2,7,True
manusa/helm-java,14,69.0,9,1,3,True
bytecodealliance/wrpc,19,270.0,21,1,4,True
FuelLabs/fuel-subgraph,0,32.0,9,2,2,True
zjp-CN/term-rustdoc,2,0.0,13,2,1,True
matthias-buttgereit/ta-rss,0,0.0,3,2,0,False
yavko/rat-rs,0,1.0,3,1,2,False
ErayMert/microservice-log-tracing,0,0.0,0,1,0,False
hseager/you-are-merlin,2,3.0,1,1,0,False
aleixmorgadas/thin-ports-and-adapters,0,0.0,0,1,1,False
Tushar-Kapil/DSA-Notes,0,0.0,0,1,0,False
GigaDAO/openbook,4,12.0,2,6,0,False
ryandotelliott/cosmos-cli,0,0.0,0,1,0,False
corrode/four-horsemen-talk,0,0.0,0,1,0,False
AvailX/avail-wallet,28,70.0,14,86,4,False
envicutor/envicutor,0,1.0,2,3,1,False
appsignal/actions-runner,4,1.0,0,2,2,False
sqlparser/java_data_lineage,0,0.0,1,1,0,False
uaoan/DkPlayer,3,0.0,3,1,0,False
manhunto/webhooks-rs,0,0.0,2,1,3,False
Ragarnoy/a121-rs,1,47.0,14,3,3,False
Handfish/confetty_rs,0,0.0,1,2,0,False
slotThe/rq,1,3.0,0,1,0,False
AFLplusplus/libafl_qemu_artifacts,0,0.0,1,1,0,False
JaghataiV/Uniswap_arb_bot,0,0.0,1,1,0,False
paradigmxyz/alphanet,0,127.0,3,4,6,True
MEEPofFaith/hallucinogen,8,0.0,0,1,1,False
nferhat/fht-compositor,2,2.0,4,3,0,False
dee-coder01/BusBuddy,0,17.0,0,11,1,False
0vercl0k/snapshot,5,9.0,0,1,1,False
rails/rails-new,6,24.0,7,3,2,False
thomasdarimont/keycloak-opa-authz-demo,0,1.0,0,1,0,False
mondeja/leptos-fluent,50,163.0,17,9,3,True
mintlu8/bevy_stat_query,0,0.0,0,2,0,False
mintlu8/bevy_serde_lens,1,6.0,0,8,0,False
mistricky/codesnap.nvim,37,80.0,15,2,5,False
rzukic/zed-latex,5,22.0,5,1,0,False
zed-extensions/java,1,10.0,1,1,0,False
EricLBuehler/mistral.rs,36,649.0,62,32,5,True
bitcoin-dev-project/bitcoiner-intro-to-rust,0,34.0,2,2,0,False
CollaBu/pennyway-was,61,188.0,3,6,6,False
actuate-rs/actuate,47,57.0,6,4,1,False
Ahmad45123/workup,0,79.0,0,10,2,False
Kir-Antipov/cubes-without-borders,28,7.0,3,14,2,True
menonsamir/ypir,0,1.0,2,6,0,False
lcpu-club/rust_learning_group,0,6.0,0,1,0,False
Hejow/easy-restdocs-generator,4,1.0,0,2,0,False
nikstur/nix-store-veritysetup-generator,1,1.0,0,1,1,False
iondodon/i3-switcher-x11,9,1.0,8,1,0,False
CRANKV2/STRP-Profile-App,0,0.0,0,1,0,False
tweag/remote-execution-nix,0,0.0,0,2,0,False
boringthegod/AzureEmailChecker,2,0.0,0,1,0,False
Vadym79/AWSLambdaJavaWithSpringBoot,0,0.0,0,1,0,False
dimpdash/bevy_erm,0,0.0,1,2,0,False
phyce/rl-natural-speech,1,1.0,6,8,0,False
paritytech/psvm,0,18.0,4,4,1,False
Smart-Home-Guard/tempusalert-be,0,151.0,0,1,2,False
anddea/revanced-integrations,100,35.0,0,3,3,False
Reknij/elerp,0,0.0,0,2,1,False
cavemanloverboy/nanotoken,0,0.0,1,2,0,False
servo/stylo,0,80.0,5,24,3,False
GreenJAB/fixed-minecraft,0,15.0,1,3,0,False
automesh-network/netstack-smoltcp,4,9.0,2,1,2,True
anagrambuild/bonsol,0,57.0,24,24,6,True
fermyon/enterprise-architectures-and-patterns,0,7.0,0,1,1,False
bytecodealliance/wamr-rust-sdk,2,37.0,3,3,1,False
stalwartlabs/webadmin,20,8.0,22,1,1,True
walimorris/opensquare,0,0.0,0,1,0,False
yiyuan9/abitoflink,0,21.0,0,4,0,False
dvhar/pikeru,0,0.0,2,2,0,False
ellie-sleightholm/vercel-rust,0,4.0,0,2,0,False
yongkangc/Solidity-Gas-Optimizoor,0,2.0,0,1,0,False
HexArchBook/bluezone_pro,0,0.0,0,1,0,False
cleverbase/scal3,1,3.0,0,1,0,False
berzanorg/nacho,0,0.0,0,1,2,False
nidhoggfgg/rsille,0,0.0,0,3,0,False
pinterest/tiered-storage,0,5.0,0,10,1,False
YPares/nih-faust-jit,0,7.0,0,4,0,False
aarc-rs/aarc,0,2.0,0,4,1,False
prakarshs/Jhethia,0,1.0,0,2,0,False
AdamISZ/aut-ct,9,1.0,8,5,2,True
carloskiki/pulldown-latex,11,13.0,2,4,5,True
noxware/hframe,6,4.0,6,24,1,False
dividebysandwich/LightningView,15,1.0,4,1,1,False
talss89/sprout,6,19.0,4,3,3,True
compolabs/orderbook-contract,11,125.0,0,28,0,False
orsinium-labs/gamgee,0,0.0,0,1,0,False
NguyenDuck/blocktopograph,1,19.0,7,2,1,False
Sofianel5/zk-img-editor,0,0.0,0,1,0,False
e1732a364fed/ruci,12,1.0,0,2,5,False
Cvrws/Haru,5,5.0,0,1,1,False
DevBobcorn/AcryliCraft,11,18.0,1,5,0,False
burukeYou/fast-retry,0,0.0,2,1,0,False
Anjaligaddamidi/javalab,0,2.0,0,1,0,False
StardustXR/kiara,0,2.0,0,2,0,False
Basillica/csv-grep,0,0.0,0,1,0,False
PoOnesNerfect/jlf,0,0.0,0,3,0,False
magnetophon/lamb-rs,5,4.0,0,8,1,True
bonsairobo/bevy_metrics_dashboard,0,0.0,0,2,0,False
rhombusgg/rhombus,0,12.0,1,7,4,False
serifpersia/esp32partitiontool,6,8.0,0,1,1,True
antroids/egui-shape-editor,0,0.0,0,2,0,False
HigherOrderCO/TSPL,0,4.0,0,2,0,False
TimothyYe/knock-rs,3,1.0,1,2,3,True
Shrecknt/snowstorm,0,0.0,1,1,0,False
buffdb/buffdb,0,2.0,7,3,0,False
JunbeomL22/trusted,0,6.0,0,7,0,False
ACEnglish/kanpig,4,0.0,0,5,1,False
uprockcom/ido-protocol,0,0.0,0,1,0,False
a2x/cs2-analyzer,0,0.0,0,2,1,False
cryscan/web-rwkv-realweb,0,1.0,0,1,1,False
ynqa/j9,5,4.0,1,1,1,False
FloatyMonkey/slang-rs,0,1.0,1,1,0,False
krukah/robopoker,0,5.0,3,8,1,False
nur-taskrunner/nur,38,16.0,3,1,4,True
Speykious/cve-rs,1,16.0,13,4,1,False
naasblod/bevy_contact_projective_decals,0,4.0,5,2,0,False
informalsystems/cosmwasm-to-quint,0,12.0,1,2,1,False
voidpumpkin/structural-convert,0,0.0,5,1,0,False
succinctlabs/sp1-reth,0,5.0,2,9,0,False
undermad/diet-generator-api,0,17.0,0,4,3,False
utilForever/2024-Konkuk-Rust-Roguelike,0,16.0,0,1,0,False
970263611/redisx,3,12.0,1,7,0,False
KhushPatibandha/RiceDB,0,0.0,0,2,0,False
zombie-einstein/bourse,7,24.0,0,1,2,False
UPB-FILS-MA/upb-fils-ma.github.io,0,472.0,5,108,3,False
akx/preco,0,0.0,0,1,1,False
PufferFinance/coral,3,36.0,1,4,3,False
zxch3n/lww-table,0,0.0,0,1,0,False
jts/smrest,1,0.0,2,1,1,False
gwen-lg/subtile-ocr,1,0.0,0,5,1,False
zk-steve/rust-web-api-microservice-template,0,21.0,11,6,3,False
GitGhillie/phonon_rs,1,33.0,1,2,1,False
Leinnan/bevy_simple_scroll_view,1,1.0,1,2,2,True
3uild-3thos/valid8,1,3.0,0,1,1,True
wh-xu/Hyper-Gen,1,4.0,2,4,0,False
StratusFearMe21/egui-glyphon,0,1.0,0,1,0,False
openfga/spring-boot-starter,1,31.0,4,7,3,False
HeliosMinecraft/HeliosClient,1,0.0,0,1,1,False
VictorModi/Lyrics-Getter-Ext,1,10.0,6,1,1,False
MathItYT/mathlikeanim-rs,0,0.0,2,8,0,False
gaucho-labs/tailwind-fuse,4,17.0,2,3,1,False
containers/krunkit,5,14.0,1,1,1,False
EasyDarwin/EasyGBD,0,0.0,1,1,0,False
villor/bevy_lookup_curve,0,7.0,8,4,1,False
OpenZeppelin/rust-contracts-stylus,3,218.0,57,38,13,True
risc0/risc0-ethereum,12,213.0,24,44,3,False
jgraef/reqwest-websocket,0,14.0,4,7,1,False
s00d/tauri-plugin-serialplugin,1,3.0,0,1,0,False
danvega/fcc-spring-boot-3,0,0.0,1,1,0,False
UdaraJay/Stats,0,2.0,1,1,0,False
m1sterc001guy/roastr,0,4.0,1,3,1,True
unfastener/juggler-in-rust,1,0.0,0,1,0,False
SemyonSinchenko/spark-connect-example,0,0.0,1,1,0,False
TannerReynolds/Helldivers2-Macro-Engine,1,5.0,4,1,0,False
Tvenus/blockchain,0,0.0,0,1,0,False
pw-order-of-devs/rusty_ops,0,2.0,0,3,1,False
guybedo/sugar,0,1.0,0,2,0,False
11bit/zed-extension-graphql,0,2.0,1,1,1,True
gamedolphin/speakwith,0,2.0,19,1,1,False
IogaMaster/warden,0,16.0,1,2,3,False
anthias-labs/univ3-kit,0,18.0,3,12,3,False
MobinaMhr/Compiler-Course-Projects-S2024,0,0.0,0,1,0,False
oldmanpushcart/dashscope4j,7,8.0,3,2,0,False
chaosprint/asak,1,4.0,10,1,2,True
dflemstr/femtopb,0,0.0,0,1,1,False
tatounee/ratatui-explorer,2,1.0,1,1,0,False
offici5l/MiBypassTool,3,0.0,3,1,2,False
Heltion/anti-hash,0,0.0,2,1,1,False
i18n-site/rust,4,0.0,0,2,5,True
jdubois/jdubois-langchain4j-demo,0,3.0,0,4,0,False
exa04/cyma,0,17.0,5,2,3,False
tdakhran/razer-ctl,2,6.0,10,1,1,False
jumbledFox/minesweeper,0,1.0,1,1,0,False
MatthiasGrandl/Loungy,4,11.0,10,3,1,True
MystenLabs/sui-rust-sdk,0,63.0,1,11,2,False
welpo/git-sumi,8,5.0,2,2,4,True
aclysma/hydrate,0,0.0,0,1,0,False
ashvardanian/memchr_vs_stringzilla,0,0.0,0,1,0,False
slyedoc/bevy_sly_compute,0,1.0,2,3,0,False
NillionNetwork/ripple,0,1.0,0,1,1,False
HaHaWTH/HAProxy-Detector,1,0.0,0,1,1,False
Nordgaren/tabstate-util,0,1.0,2,1,0,False
GodOfAvacyn/gdshader-lsp,1,1.0,4,1,0,False
Jazarro/bevy_ineffable,0,2.0,1,3,1,False
AkashKobal/java-full-stack-developement,1,23.0,0,23,2,False
duanebester/gpui-list,0,1.0,0,1,0,False
replit/rippkgs,3,29.0,5,1,1,False
lavafroth/tempest,2,5.0,0,2,0,False
frankfralick/dripgrep,0,0.0,0,1,0,False
DelSkayn/reblessive,0,1.0,1,2,4,False
osmosis-labs/orderbook,0,88.0,2,9,1,False
dzaima/grr,0,0.0,0,1,0,False
wingbackapp/kind,2,10.0,0,9,3,True
Naxdy/latency-slider-de,10,7.0,1,6,2,False
pace-rs/pace,75,60.0,10,5,7,True
Kezii/esp32cam_rs,0,3.0,0,2,1,False
iynaix/wfetch,0,0.0,0,1,0,False
holochain/wind-tunnel,1,100.0,17,13,4,False
breez/breez-sdk-liquid,10,373.0,32,57,18,False
chiyuki0325/lyrica,12,3.0,0,2,0,False
FedericoBruzzone/tgt,1,6.0,9,1,6,True
KittyCAD/delouse,0,3.0,0,7,4,False
fjall-rs/value-log,8,3.0,3,2,2,False
ollama4j/ollama4j-web-ui,4,2.0,1,1,1,True
gama-platform/gama,2,71.0,92,17,16,False
I-CAN-hack/automotive,3,38.0,14,12,3,False
blumek/aura-tower,0,0.0,0,1,0,False
renmeijian/HealthChecker,0,1.0,0,1,0,False
armankhondker/leetcode-solutions,0,0.0,0,1,0,False
clarkmoody/txoutset,0,5.0,0,1,0,False
mmd-nemati/Compiler-Course-Projects-F2023,0,0.0,0,1,0,False
rot256/research-we-kzg,0,0.0,0,2,0,False
DiscreteTom/boruto,0,0.0,0,1,0,False
pavlospt/ergani-rust-sdk,0,8.0,0,7,2,False
EladLeev/KeyToField-smt,2,3.0,1,8,2,True
alexpusch/rust-stream-vis,0,0.0,0,1,0,False
xxxbrian/cserun,2,1.0,0,1,0,False
Direwolf20-MC/JustDireThings,0,61.0,62,2,1,False
ndancing/bitcask,0,0.0,0,1,0,False
joshka/tui-markdown,34,26.0,0,1,3,False
brian7704/OpenTAK_ICU,10,1.0,6,3,0,False
dwallet-labs/dwallet-network,0,170.0,70,54,3,False
vsbuffalo/granges,0,2.0,8,6,1,False
antiguru/flatcontainer,5,62.0,2,20,4,False
not-matthias/vmprotect-rs,0,0.0,0,1,0,False
danvega/spring-common-mistakes,0,0.0,1,11,0,False
maddymakesgames/celeste_rs,13,0.0,0,2,3,True
Magix-Archive/GC-Universe,0,0.0,0,1,0,False
coralblocks/CoralProto,0,0.0,0,1,0,False
WizardOfMenlo/stir,0,4.0,0,1,0,False
tippfehlr/composehook,1,0.0,1,1,1,True
gulbanana/gg,9,6.0,0,5,2,False
marcelohdez/dim,3,8.0,1,1,1,False
fundgao/awesome-crypto,0,0.0,2,1,0,False
ratatui/crates-tui,5,53.0,1,5,3,True
rust-adventure/thisweekinbevy,40,3.0,5,1,3,False
groovybits/rsllm,22,25.0,0,1,1,False
Whitecat18/Rust-for-Malware-Development,1,1.0,0,1,0,False
BurntSushi/jiff,0,59.0,40,3,1,False
Kacperacy/RustEdit,0,0.0,0,1,1,False
cezarysanecki/parking-domain,0,169.0,1,3,1,False
zama-ai/verifiable-fhe-paper,0,1.0,1,2,0,False
SandhyaMadhunagula/Javalab,0,1.0,0,2,0,False
google-checks/checks-jenkins-plugin,0,0.0,0,6,1,False
evpl/jkscope,5,0.0,0,1,1,False
rust-hermes/rusty_hermes,0,0.0,1,1,1,False
GyulyVGC/listeners,3,2.0,1,1,1,False
semih-turan/The-Full-Stack-Web-Development-Bootcamp,0,0.0,0,1,0,False
jpgonzalezra/chain-indexer-monorepo,0,0.0,0,1,0,False
oqc-community/rasqal,8,71.0,11,4,4,False
mathematic-inc/unfmt,13,19.0,1,5,2,True
weilueluo/tsm4j,0,14.0,0,1,0,False
conduition/dlctix,0,0.0,0,1,0,False
Schottkyc137/ginko,8,12.0,4,7,1,True
vsouzx/Events-Driven-Ecommerce,0,0.0,1,1,0,False
dwallet-labs/2pc-mpc,0,24.0,0,5,1,False
ricott1/sshattrick,1,1.0,3,3,0,False
kul-sudo/eportal,3,1.0,0,3,0,False
Andeskjerf/waybar-module-pomodoro,0,11.0,1,1,1,False
Xu-Mj/sandcat,0,76.0,0,1,0,False
mytang0/brook,1,9.0,0,7,2,False
981213/mtk_uartboot,2,0.0,2,1,2,True
MateusRodCosta/bign-handheld-thumbnailer,5,3.0,0,3,0,False
drift-labs/drift-rs,0,64.0,6,14,2,True
apersomany/libcfd,0,3.0,0,2,0,False
erupts/Linq.J,5,7.0,0,2,0,False
elodin-sys/elodin,0,13.0,2,16,0,False
Bluemangoo/Pingpong,6,9.0,0,3,2,False
helius-labs/photon,0,251.0,0,49,2,False
datafusion-contrib/datafusion-federation,0,61.0,5,7,3,False
stephanj/BM25,0,2.0,0,3,0,False
AmrDeveloper/FileQL,9,0.0,0,1,2,True
ironcalc/TironCalc,0,3.0,0,1,1,False
Linus-Mussmaecher/rucola,4,1.0,1,1,2,True
AndroidIDE-CN/AIDE-Plus,9,1.0,3,7,0,False
rerun-io/revy,4,3.0,0,2,4,False
andrewgazelka/hyperion,0,270.0,21,3,2,False
jimmyjames/fga-spring-examples,0,11.0,5,2,1,False
github-language-server/github-lsp,2,17.0,4,6,2,True
Erk-/programmable-fonts,0,0.0,0,1,0,False
remi-dupre/pinix,0,4.0,1,1,1,False
fprasx/cargo-unfmt,0,1.0,3,2,0,False
Kharos102/ReadWriteDriverSample,0,0.0,0,1,0,False
yaaliuzhipeng/fast-mlkit-translate-text,0,0.0,1,1,1,False
MangoTzara/rfz,0,0.0,0,6,0,False
justjanne/fcmlib,0,0.0,0,1,1,False
holochain/holochain-serialization-python,0,0.0,0,1,1,True
KeKsBoTer/wgpu_sort,0,0.0,1,1,0,False
Interstellar-Relay-Community/budae-jjigae,0,4.0,2,3,0,False
mariofusco/quarkus-drools-llm,0,3.0,0,5,0,False
fuzzland/revm-fork-db,0,0.0,0,3,0,False
ggand0/viewskater,2,7.0,2,11,0,False
abstractqqq/polars_istr,3,13.0,1,3,1,True
pangenome/impg,2,20.0,2,14,1,False
Kehrlann/spring-boot-testing,0,0.0,0,4,0,False
nilaysavant/bevy_pmetra,2,1.0,0,24,0,False
afsalashyana/Spring-Boot-Tutorials,0,1.0,0,1,0,False
darko-mesaros/bedrust,7,32.0,6,15,1,False
mitang0320/leetcodeHot100,0,0.0,0,1,0,False
claudiomattera/esp32c3-embassy,0,1.0,0,4,0,False
tomalbrc/blockbench-import-library,5,0.0,1,8,1,False
burukeYou/spring-smart-di,0,0.0,1,1,0,False
segment-anything-models-java/SAMJ-IJ,0,9.0,11,2,1,True
davidlattimore/wild,1,137.0,24,6,2,True
quarylabs/quary,57,369.0,21,143,4,True
SeekStorm/SeekStorm,29,3.0,3,1,0,False
longerye/im-chat,0,1.0,0,4,0,False
kasugamirai/git_commit_gen,0,0.0,0,1,0,False
eholum/rustplanning,0,1.0,2,2,1,False
DelphinusLab/zkWasm-prover,0,9.0,0,24,0,False
Lagrange-Labs/plonky2-recursion,0,1.0,0,1,0,False
aws/amazon-gamelift-agent,3,10.0,4,4,1,False
adsnaider/qshell,0,0.0,4,1,1,False
tier4/icp_rust,0,5.0,0,2,1,False
tom-whitehead/hdbscan,0,33.0,0,2,1,True
anusikh/jvem,6,16.0,0,1,1,True
JohanNorberg/zero_ecs,0,5.0,0,1,2,False
sayxiaoyan/XiaoRanLiu3119-TVBoxMobile,0,0.0,0,2,1,False
Kudaes/Shelter,0,1.0,0,1,0,False
spring-tips/spring-authorization-server,0,0.0,1,1,0,False
jhannyj/iced_drop,0,7.0,0,1,1,False
boa-dev/temporal,3,80.0,19,10,2,True
ilyagr/diffedit3,8,1.0,1,20,2,False
eclipse-tracecompass/org.eclipse.tracecompass,0,162.0,10,46,4,False
luishsr/rust-nft-api,0,1.0,0,1,1,False
mindeng/nom-exif,19,10.0,8,2,1,False
ABC-Engine/lumenpyx,2,3.0,1,1,0,False
ch32-rs/ch32-hal,0,37.0,13,2,2,False
sunfishcode/hello-embedded,0,3.0,1,1,0,False
ColdeZhang/Dominion,54,10.0,6,5,3,True
hougesen/mdsf,22,407.0,15,2,4,True
shmuelzon/home-assistant-floor-plan,16,54.0,8,1,1,False
CompassSecurity/jwt-scanner,5,3.0,2,4,0,False
Julien-cpsn/ATAC,31,52.0,11,8,4,True
BodhiSearch/BodhiApp,14,0.0,2,3,3,True
UkoeHB/bevy_cobweb_ui,0,4.0,3,2,0,False
iotaledger/iota,17,2092.0,329,144,43,True
vsbuffalo/genomap,1,1.0,1,1,1,False
Tenteed/homespaces,1,0.0,0,1,0,False
kyleloving/osm_graph,0,1.0,0,2,0,False
wata-orz/santa2023_permutation_puzzle,0,0.0,0,1,0,False
scristobal/cross-compiling-rust-c-wasm-zig,0,0.0,0,1,0,False
yubb-ai/unofficial-gpt4,10,0.0,0,1,3,False
codeaashu/JAVA-Programming-Challenge,0,0.0,0,1,0,False
wiseaidev/openpilot,0,4.0,0,3,1,False
nifty-oss/asset,7,83.0,0,2,13,False
TiagoFar78/PrisonEscape,2,143.0,13,1,1,False
SorenHolstHansen/leptos_toaster,7,15.0,4,2,2,False
Naxdy/less-delay,2,2.0,0,3,0,False
443eb9/bevy_incandescent,2,1.0,1,2,0,False
xmoezzz/rfvp,0,3.0,1,4,0,False
mikecvet/nl-sh,4,1.0,0,1,1,False
hpmicro/hpm-hal,0,37.0,4,8,1,False
bowbahdoe/jdbc,11,0.0,0,1,2,True
ryanweideman/3d-terminal-renderer,0,0.0,2,1,1,False
codersauce/red,0,17.0,21,4,0,False
ChloePrime/AAAParticles,18,8.0,12,5,0,False
sensorial-systems/stable-diffusion,0,2.0,10,2,0,False
geph-official/geph5,2,12.0,7,10,2,False
moxin-org/moly,10,265.0,15,34,2,False
jadijadi/riverraidrust,0,41.0,21,1,0,False
AllayMC/EncryptMyPack,0,1.0,1,1,1,False
Noxde/Bloodborne-save-editor,4,2.0,6,1,1,True
spiraldb/vortex,16,1048.0,113,85,7,False
microsoft/openvmm,0,350.0,56,2,5,False
rust-bitcoin/bip324,0,85.0,0,1,1,False
ahkohd/tauri-macos-menubar-app-example,0,8.0,1,6,0,False
thibmeu/tlock-worker,0,0.0,0,1,0,False
gold-silver-copper/deprecated_old_bevy_ratatui,0,2.0,0,4,1,False
yash-atreya/reth-walk-storage,0,0.0,0,1,0,False
rayros/respicta,0,7.0,0,2,3,False
trvswgnr/dynamic_object,0,1.0,0,1,0,False
helius-labs/rwa-indexer,0,1.0,0,1,0,False
darksolopic/PasswordManagerGUI,0,0.0,0,1,0,False
MatrixSenpai/sw4rm-rs,0,10.0,0,5,2,True
fastnear/fastnear-api-server-rs,0,7.0,3,5,0,False
LekKit/ScalarEvolution,0,0.0,3,1,2,True
bc-m/fm-xml-export-exploder,10,44.0,3,4,2,True
crystoll/musashi,0,0.0,0,1,0,False
everbuild-org/lucide-gpui,0,0.0,0,1,1,False
sumoduduk/terminusdm,3,0.0,0,5,0,False
cavemanloverboy/solana-nostd-entrypoint,0,8.0,2,1,0,False
gnattu/p2p-clipboard,1,0.0,1,1,0,False
swlkr/ryde,3,2.0,0,1,1,False
Swoorup/wgsl-bindgen,8,26.0,12,4,1,False
15911075183ma/java-onnx-yolo,0,0.0,0,1,0,False
PKU-OS/Tacos,0,1.0,1,1,0,False
aedm/esp32-s3-rust-axum-example,0,1.0,0,1,0,False
bennamrouche/irc-tester,0,2.0,0,2,0,False
false-spring/gbfr-logs,26,64.0,29,3,1,False
weiji14/cog3pio,0,20.0,1,1,2,True
Xu-Mj/sandcat-backend,0,38.0,2,3,1,False
compio-rs/winio,0,12.0,1,1,0,False
tomtomwombat/fastbloom,0,6.0,1,1,1,False
crates-pro/crates-pro,0,69.0,13,1,1,False
awolverp/cachebox,29,5.0,1,1,2,False
ezyang/tlparse,0,51.0,25,77,1,True
spinkube/containerd-shim-spin,11,102.0,36,11,5,True
wisemapping/wisemapping-open-source,0,1.0,7,2,1,False
SnowCutieOwO/Continue,0,2.0,0,1,0,False
opensound-org/opensound,1,0.0,2,1,1,False
ArthurBrussee/brush,1,14.0,26,9,1,False
shell-pool/shpool,5,81.0,19,20,4,True
Shawnarun/DevelopersStack-OpenSourceNexus,0,94.0,0,2,0,False
Gameye98/xtrspc,1,0.0,0,1,0,False
MemoryZy/ZhiYouToolkit,4,0.0,1,4,2,False
uladzimirFilipchanka/noredraw,2,7.0,0,8,0,False
Vaibhavs10/fast-llm.rs,0,3.0,1,1,0,False
enviodev/local-hyperrpc,0,4.0,1,1,0,False
TwentyTwoHW/portal-software,0,24.0,8,1,2,False
insdexer/insdexer,0,33.0,0,1,1,True
HigherOrderCO/kind2-archive,0,20.0,2,4,0,False
eaglerforge/EaglerForge-old,0,16.0,6,4,0,False
artsiomkorzun/1brc-walkthrough,0,0.0,0,1,0,False
tony-xlh/vision-camera-cropper,6,1.0,4,2,0,False
SpringBootCourses/cqrs-banking-app,0,33.0,5,7,1,False
idlab-discover/RustiFlow,2,49.0,1,7,3,False
afsalthaj/golem-timeline,0,41.0,25,37,2,False
jsStar580/world_of_mathematic,0,0.0,0,3,4,False
SightStudio/jOOQ-inflearn,0,0.0,0,1,0,False
SatvikNema/satchat,0,3.0,0,3,1,False
TuckerBMorgan/poro,0,0.0,0,1,0,False
mssanamateen/OOP-using-Java,0,27.0,0,3,0,False
FaisalBinAhmed/MeiliFinder,0,2.0,1,3,0,False
wayland-transpositor/wprs,0,48.0,5,16,3,False
ElaBosak233/cdsctf,0,2.0,0,1,1,False
linkedin/openhouse,0,246.0,10,21,1,False
catacombing/kumo,0,1.0,3,2,0,False
jsr-io/jsr,0,360.0,180,17,3,False
0xPolygonZero/zk_evm,7,503.0,83,65,13,False
primitivefinance/DFMM,3,92.0,24,27,2,False
flynndi/quarkus-jimmer-extension,41,437.0,0,18,5,False
theseus-rs/postgresql-embedded,47,119.0,0,1,5,False
Fatimakhan0/javalab,0,21.0,0,7,0,False
qpackt/qpackt,0,0.0,2,3,0,False
mbrea-c/bevy_firework,4,17.0,4,15,2,False
redixhumayun/mini-lsm,0,0.0,1,1,2,False
nvh0412/ngurra,0,0.0,0,5,1,False
jzelAdmin2006/m306-TouGH-Vault-github-backupper,0,0.0,0,1,0,False
datafusion-contrib/datafusion-sprox,0,8.0,1,4,0,False
boustrophedon/pgtemp,0,12.0,3,4,1,False
anthias-labs/flare,1,5.0,0,9,0,False
Intelligent-CAT-Lab/CodeMind,0,2.0,0,3,0,False
izyuumi/html2md-rs,19,24.0,1,2,1,False
embassy-rs/bt-hci,1,19.0,0,3,2,True
LimeChain/zest,0,2.0,1,1,0,False
daisukiKaffuChino/MomoQR,6,0.0,0,1,0,False
ejrgilbert/whamm,0,112.0,29,35,2,False
matter-labs/teepot,2,96.0,1,14,3,True
SSANJAY225/offline_device_finder,0,0.0,0,1,0,False
CallistoLabsNYC/samsa,0,59.0,11,4,1,True
codebaorg/redis-keeper,4,1.0,0,4,0,False
Plonq/bevy_rts_camera,9,18.0,0,3,1,False
facebook/dotslash,7,11.0,10,2,3,True
memorysafety/river,4,37.0,25,2,2,True
block-mesh/block-mesh-monorepo,13,791.0,0,635,14,False
ClayAmore/ER-Save-Editor,3,23.0,38,2,0,False
microsoft/sudo,0,29.0,42,3,1,False
yoogoc/fga-rs,0,5.0,1,1,0,False
Katana-Official/XYNXposed,0,0.0,1,1,1,False
movementlabsxyz/movement,1,520.0,153,422,4,False
darksv/uwasm,0,1.0,0,1,1,False
MolotovCherry/Native-Memory-Scripter,0,1.0,3,1,2,False
tejmagar/rusty-web,0,3.0,0,2,1,False
jithrew/PantryMate,0,0.0,0,1,0,False
alejandrogzi/gxf2bed,5,0.0,1,1,0,False
maciej-MKan/chess,0,95.0,2,3,2,False
buffalojoec/transfer-hook-order-tracker,0,0.0,0,1,0,False
nkypy/candle-rwkv,0,0.0,0,1,0,False
yasamoka/db-pool,4,0.0,0,1,2,False
ellie-sleightholm/astrorust,0,2.0,0,2,0,False
NodeMedia/react-native-nodemediaclient,0,1.0,16,1,0,False
Sreyas-Sreelal/omprs-gdk,5,3.0,2,2,1,False
uncenter/kittysay,7,10.0,1,8,3,True
orph3usLyre/muddy-waters,3,16.0,7,1,2,True
tomsanbear/bitnet-rs,0,2.0,0,2,1,False
Guvenkaya/rust-security-workshop,0,0.0,1,1,0,False
k3rs3d/ringfairy,4,6.0,2,2,0,False
Void-ux/pixelsort,2,0.0,0,1,2,True
solana-program/address-lookup-table,7,42.0,6,41,3,False
srwi/qmk-via-api,3,0.0,0,1,1,True
W01fh4cker/MemshellKit,0,0.0,0,1,0,False
CrzPhil/SSHniff,0,0.0,0,1,0,False
embassy-rs/trouble,0,136.0,23,54,5,True
jacek-kurlit/pik,14,50.0,13,2,2,True
open-telemetry/weaver,12,155.0,46,4,7,True
vishalmysore/Tools4AI,0,20.0,0,11,3,False
PacificBiosciences/sawfish,10,0.0,0,1,0,False
supabase/pg_replicate,0,15.0,48,12,2,False
